-- MySQL dump 10.13  Distrib 8.0.28, for Win64 (x86_64)
--
-- Host: localhost    Database: goods
-- ------------------------------------------------------
-- Server version	8.0.28

/*!40101 SET @OLD_CHARACTER_SET_CLIENT=@@CHARACTER_SET_CLIENT */;
/*!40101 SET @OLD_CHARACTER_SET_RESULTS=@@CHARACTER_SET_RESULTS */;
/*!40101 SET @OLD_COLLATION_CONNECTION=@@COLLATION_CONNECTION */;
/*!50503 SET NAMES utf8mb4 */;
/*!40103 SET @OLD_TIME_ZONE=@@TIME_ZONE */;
/*!40103 SET TIME_ZONE='+00:00' */;
/*!40014 SET @OLD_UNIQUE_CHECKS=@@UNIQUE_CHECKS, UNIQUE_CHECKS=0 */;
/*!40014 SET @OLD_FOREIGN_KEY_CHECKS=@@FOREIGN_KEY_CHECKS, FOREIGN_KEY_CHECKS=0 */;
/*!40101 SET @OLD_SQL_MODE=@@SQL_MODE, SQL_MODE='NO_AUTO_VALUE_ON_ZERO' */;
/*!40111 SET @OLD_SQL_NOTES=@@SQL_NOTES, SQL_NOTES=0 */;

--
-- Table structure for table `customer`
--

DROP TABLE IF EXISTS `customer`;
/*!40101 SET @saved_cs_client     = @@character_set_client */;
/*!50503 SET character_set_client = utf8mb4 */;
CREATE TABLE `customer` (
  `customer_id` int NOT NULL AUTO_INCREMENT COMMENT '客户编号id，主键',
  `customer_name` varchar(100) CHARACTER SET utf8 COLLATE utf8_general_ci DEFAULT NULL COMMENT '客户名称',
  `contacts` varchar(50) CHARACTER SET utf8 COLLATE utf8_general_ci DEFAULT NULL COMMENT '联系人',
  `phone_number` varchar(50) CHARACTER SET utf8 COLLATE utf8_general_ci DEFAULT NULL COMMENT '联系人电话',
  `address` varchar(200) CHARACTER SET utf8 COLLATE utf8_general_ci DEFAULT NULL COMMENT '客户地址',
  `remarks` varchar(500) CHARACTER SET utf8 COLLATE utf8_general_ci DEFAULT NULL COMMENT '备注',
  PRIMARY KEY (`customer_id`) USING BTREE
) ENGINE=InnoDB AUTO_INCREMENT=6 DEFAULT CHARSET=utf8mb3 ROW_FORMAT=DYNAMIC;
/*!40101 SET character_set_client = @saved_cs_client */;

--
-- Dumping data for table `customer`
--

LOCK TABLES `customer` WRITE;
/*!40000 ALTER TABLE `customer` DISABLE KEYS */;
INSERT INTO `customer` VALUES (1,'常乐村后花园','子榇','13555555555','成都市双流区常乐村后花园','常乐村后花园稳定客户'),(2,'常乐村后花园','有钱','13777777777','成都市双流区常乐村后花园','常乐村后花园稳定客户'),(3,'常乐村后花园','很邢','13888888888','成都市双流区常乐村后花园','常乐村后花园稳定客户'),(4,'常乐村后花园','可是雪','13666666666','成都市双流区常乐村后花园','常乐村后花园稳定客户'),(5,'常乐村后花园','曾曾曾','13999999999','成都市双流区常乐村后花园','常乐村后花园稳定客户');
/*!40000 ALTER TABLE `customer` ENABLE KEYS */;
UNLOCK TABLES;

--
-- Table structure for table `customer_return_list`
--

DROP TABLE IF EXISTS `customer_return_list`;
/*!40101 SET @saved_cs_client     = @@character_set_client */;
/*!50503 SET character_set_client = utf8mb4 */;
CREATE TABLE `customer_return_list` (
  `customer_return_list_id` int NOT NULL AUTO_INCREMENT COMMENT '这是系统和客户之间的退货客户退货单id，主键',
  `return_number` varchar(100) CHARACTER SET utf8 COLLATE utf8_general_ci DEFAULT NULL COMMENT '退货单号',
  `return_date` varchar(20) CHARACTER SET utf8 COLLATE utf8_general_ci DEFAULT NULL COMMENT '退货日期',
  `amount_paid` float NOT NULL COMMENT '实付金额',
  `amount_payable` float NOT NULL COMMENT '应付金额',
  `state` int DEFAULT NULL COMMENT '状态，是否付款',
  `customer_id` int DEFAULT NULL COMMENT '客户编号id，外键',
  `user_id` int DEFAULT NULL COMMENT '操作员，用户id，外键',
  `remarks` varchar(1000) CHARACTER SET utf8 COLLATE utf8_general_ci DEFAULT NULL COMMENT '备注',
  PRIMARY KEY (`customer_return_list_id`) USING BTREE,
  KEY `customer_id` (`customer_id`) USING BTREE,
  KEY `user_id` (`user_id`) USING BTREE,
  CONSTRAINT `customer_return_list_ibfk_1` FOREIGN KEY (`customer_id`) REFERENCES `customer` (`customer_id`) ON DELETE RESTRICT ON UPDATE RESTRICT,
  CONSTRAINT `customer_return_list_ibfk_2` FOREIGN KEY (`user_id`) REFERENCES `user` (`user_id`) ON DELETE RESTRICT ON UPDATE RESTRICT
) ENGINE=InnoDB AUTO_INCREMENT=4 DEFAULT CHARSET=utf8mb3 ROW_FORMAT=DYNAMIC;
/*!40101 SET character_set_client = @saved_cs_client */;

--
-- Dumping data for table `customer_return_list`
--

LOCK TABLES `customer_return_list` WRITE;
/*!40000 ALTER TABLE `customer_return_list` DISABLE KEYS */;
INSERT INTO `customer_return_list` VALUES (1,'XT1550220103291','2023-12-10',199,199,1,1,1,'');
/*!40000 ALTER TABLE `customer_return_list` ENABLE KEYS */;
UNLOCK TABLES;

--
-- Table structure for table `customer_return_list_goods`
--

DROP TABLE IF EXISTS `customer_return_list_goods`;
/*!40101 SET @saved_cs_client     = @@character_set_client */;
/*!50503 SET character_set_client = utf8mb4 */;
CREATE TABLE `customer_return_list_goods` (
  `customer_return_list_goods_id` int NOT NULL AUTO_INCREMENT COMMENT '客户退货单商品列表id，主键',
  `goods_id` int DEFAULT NULL COMMENT '商品编号id，外键',
  `goods_code` varchar(50) CHARACTER SET utf8 COLLATE utf8_general_ci DEFAULT NULL COMMENT '商品编码',
  `goods_name` varchar(50) CHARACTER SET utf8 COLLATE utf8_general_ci DEFAULT NULL COMMENT '商品名称',
  `goods_model` varchar(50) CHARACTER SET utf8 COLLATE utf8_general_ci DEFAULT NULL COMMENT '商品型号',
  `goods_num` int DEFAULT NULL COMMENT '客户退货数量',
  `goods_unit` varchar(10) CHARACTER SET utf8 COLLATE utf8_general_ci DEFAULT NULL COMMENT '商品单位',
  `price` float NOT NULL COMMENT '商品单价',
  `total` float NOT NULL COMMENT '总金额',
  `customer_return_list_id` int DEFAULT NULL COMMENT '客户退货单id，外键',
  `goods_type_id` int DEFAULT NULL COMMENT '商品类别id，外键',
  PRIMARY KEY (`customer_return_list_goods_id`) USING BTREE,
  KEY `FKtqt67mbn96lxn8hvtl4piblhi` (`customer_return_list_id`) USING BTREE,
  KEY `FK32ijokbrx3j6h0p6aa9hcccbq` (`goods_type_id`) USING BTREE,
  KEY `goods_id` (`goods_id`) USING BTREE,
  CONSTRAINT `customer_return_list_goods_ibfk_1` FOREIGN KEY (`goods_id`) REFERENCES `goods` (`goods_id`) ON DELETE RESTRICT ON UPDATE RESTRICT,
  CONSTRAINT `customer_return_list_goods_ibfk_2` FOREIGN KEY (`goods_type_id`) REFERENCES `goods_type` (`goods_type_id`) ON DELETE RESTRICT ON UPDATE RESTRICT,
  CONSTRAINT `customer_return_list_goods_ibfk_3` FOREIGN KEY (`customer_return_list_id`) REFERENCES `customer_return_list` (`customer_return_list_id`) ON DELETE RESTRICT ON UPDATE RESTRICT
) ENGINE=InnoDB AUTO_INCREMENT=4 DEFAULT CHARSET=utf8mb3 ROW_FORMAT=DYNAMIC;
/*!40101 SET character_set_client = @saved_cs_client */;

--
-- Dumping data for table `customer_return_list_goods`
--

LOCK TABLES `customer_return_list_goods` WRITE;
/*!40000 ALTER TABLE `customer_return_list_goods` DISABLE KEYS */;
INSERT INTO `customer_return_list_goods` VALUES (1,1,'0001','七色糙米','1000g装',10,'袋',19.9,199,1,2);
/*!40000 ALTER TABLE `customer_return_list_goods` ENABLE KEYS */;
UNLOCK TABLES;

--
-- Table structure for table `damage_list`
--

DROP TABLE IF EXISTS `damage_list`;
/*!40101 SET @saved_cs_client     = @@character_set_client */;
/*!50503 SET character_set_client = utf8mb4 */;
CREATE TABLE `damage_list` (
  `damage_list_id` int NOT NULL AUTO_INCREMENT COMMENT '商品报损单id，主键',
  `damage_number` varchar(100) CHARACTER SET utf8 COLLATE utf8_general_ci DEFAULT NULL COMMENT '商品报损单号',
  `damage_date` varchar(20) CHARACTER SET utf8 COLLATE utf8_general_ci DEFAULT NULL COMMENT '创建日期',
  `remarks` varchar(1000) CHARACTER SET utf8 COLLATE utf8_general_ci DEFAULT NULL COMMENT '备注',
  `user_id` int DEFAULT NULL COMMENT '用户id，外键',
  PRIMARY KEY (`damage_list_id`) USING BTREE,
  KEY `FKpn094ma69sch1icjc2gu7xus` (`user_id`) USING BTREE,
  CONSTRAINT `damage_list_ibfk_1` FOREIGN KEY (`user_id`) REFERENCES `user` (`user_id`) ON DELETE RESTRICT ON UPDATE RESTRICT
) ENGINE=InnoDB AUTO_INCREMENT=3 DEFAULT CHARSET=utf8mb3 ROW_FORMAT=DYNAMIC;
/*!40101 SET character_set_client = @saved_cs_client */;

--
-- Dumping data for table `damage_list`
--

LOCK TABLES `damage_list` WRITE;
/*!40000 ALTER TABLE `damage_list` DISABLE KEYS */;
INSERT INTO `damage_list` VALUES (1,'BS1550561206988','2023-12-10','',1),(2,'BS1565489147613','2023-12-10','',1);
/*!40000 ALTER TABLE `damage_list` ENABLE KEYS */;
UNLOCK TABLES;

--
-- Table structure for table `damage_list_goods`
--

DROP TABLE IF EXISTS `damage_list_goods`;
/*!40101 SET @saved_cs_client     = @@character_set_client */;
/*!50503 SET character_set_client = utf8mb4 */;
CREATE TABLE `damage_list_goods` (
  `damage_list_goods_id` int NOT NULL AUTO_INCREMENT COMMENT '商品报损单商品列表id，主键',
  `goods_id` int DEFAULT NULL COMMENT '商品编号id，外键',
  `goods_code` varchar(50) CHARACTER SET utf8 COLLATE utf8_general_ci DEFAULT NULL COMMENT '商品编码',
  `goods_name` varchar(50) CHARACTER SET utf8 COLLATE utf8_general_ci DEFAULT NULL COMMENT '商品名称',
  `goods_model` varchar(50) CHARACTER SET utf8 COLLATE utf8_general_ci DEFAULT NULL COMMENT '商品型号',
  `goods_unit` varchar(10) CHARACTER SET utf8 COLLATE utf8_general_ci DEFAULT NULL COMMENT '商品单位',
  `goods_num` int DEFAULT NULL COMMENT '报损数量',
  `price` float NOT NULL COMMENT '商品单价',
  `total` float NOT NULL COMMENT '总金额',
  `damage_list_id` int DEFAULT NULL COMMENT '商品报损单id，外键',
  `goods_type_id` int DEFAULT NULL COMMENT '商品类别id，外键',
  PRIMARY KEY (`damage_list_goods_id`) USING BTREE,
  KEY `FKbf5m8mm3gctrnuubr9xkjamj8` (`damage_list_id`) USING BTREE,
  KEY `FK8r7ietq6opa0ci7uxdqc264yf` (`goods_type_id`) USING BTREE,
  KEY `goods_id` (`goods_id`) USING BTREE,
  CONSTRAINT `damage_list_goods_ibfk_1` FOREIGN KEY (`goods_id`) REFERENCES `goods` (`goods_id`) ON DELETE RESTRICT ON UPDATE RESTRICT,
  CONSTRAINT `damage_list_goods_ibfk_2` FOREIGN KEY (`damage_list_id`) REFERENCES `damage_list` (`damage_list_id`) ON DELETE RESTRICT ON UPDATE RESTRICT,
  CONSTRAINT `damage_list_goods_ibfk_3` FOREIGN KEY (`goods_type_id`) REFERENCES `goods_type` (`goods_type_id`) ON DELETE RESTRICT ON UPDATE RESTRICT
) ENGINE=InnoDB AUTO_INCREMENT=3 DEFAULT CHARSET=utf8mb3 ROW_FORMAT=DYNAMIC;
/*!40101 SET character_set_client = @saved_cs_client */;

--
-- Dumping data for table `damage_list_goods`
--

LOCK TABLES `damage_list_goods` WRITE;
/*!40000 ALTER TABLE `damage_list_goods` DISABLE KEYS */;
INSERT INTO `damage_list_goods` VALUES (1,14,'0006','冰糖金桔干','300g装','盒',4,5,20,1,8),(2,37,'0027','农夫山泉','2000ml','瓶',5,2,10,2,7);
/*!40000 ALTER TABLE `damage_list_goods` ENABLE KEYS */;
UNLOCK TABLES;

--
-- Table structure for table `goods`
--

DROP TABLE IF EXISTS `goods`;
/*!40101 SET @saved_cs_client     = @@character_set_client */;
/*!50503 SET character_set_client = utf8mb4 */;
CREATE TABLE `goods` (
  `goods_id` int NOT NULL AUTO_INCREMENT COMMENT '商品编号id，主键',
  `goods_code` varchar(50) CHARACTER SET utf8 COLLATE utf8_general_ci DEFAULT NULL COMMENT '商品编码',
  `goods_name` varchar(50) CHARACTER SET utf8 COLLATE utf8_general_ci DEFAULT NULL COMMENT '商品名称',
  `inventory_quantity` int NOT NULL COMMENT '库存数量',
  `min_num` int NOT NULL COMMENT '库存下限',
  `goods_model` varchar(50) CHARACTER SET utf8 COLLATE utf8_general_ci DEFAULT NULL COMMENT '商品型号',
  `goods_producer` varchar(200) CHARACTER SET utf8 COLLATE utf8_general_ci DEFAULT NULL COMMENT '生产厂商',
  `purchasing_price` float NOT NULL COMMENT '采购价格',
  `last_purchasing_price` float NOT NULL COMMENT '上一次采购价格',
  `remarks` varchar(1000) CHARACTER SET utf8 COLLATE utf8_general_ci DEFAULT NULL COMMENT '备注',
  `selling_price` float NOT NULL COMMENT '出售价格',
  `state` int NOT NULL COMMENT '0表示初始值,1表示已入库，2表示有进货或销售单据',
  `goods_unit` varchar(10) CHARACTER SET utf8 COLLATE utf8_general_ci DEFAULT NULL COMMENT '商品单位',
  `goods_type_id` int DEFAULT NULL COMMENT '商品类别id，外键',
  PRIMARY KEY (`goods_id`) USING BTREE,
  KEY `goods_type_id` (`goods_type_id`) USING BTREE,
  CONSTRAINT `goods_ibfk_1` FOREIGN KEY (`goods_type_id`) REFERENCES `goods_type` (`goods_type_id`) ON DELETE RESTRICT ON UPDATE RESTRICT
) ENGINE=InnoDB AUTO_INCREMENT=38 DEFAULT CHARSET=utf8mb3 ROW_FORMAT=DYNAMIC;
/*!40101 SET character_set_client = @saved_cs_client */;

--
-- Dumping data for table `goods`
--

LOCK TABLES `goods` WRITE;
/*!40000 ALTER TABLE `goods` DISABLE KEYS */;
INSERT INTO `goods` VALUES (1,'0001','七色糙米',100,100,'1000g装','十里稻田',19.9,19.9,'杂粮粗粮 黑米 红米 糙米  燕麦米 荞麦 大米伴侣',27.9,2,'袋',2),(11,'0002','鸡琵琶腿',100,100,'1500g装','鲜京采',23,23,'冷冻 炸鸡腿烤鸡腿卤鸡腿',38,2,'袋',3),(12,'0004','新疆红枣',100,100,'2斤装','铭鑫食品',13,13,'好吃',25,2,'袋',8),(13,'0005','麦片燕麦巧克力',100,100,'散装500克','麦德好食品',8,8,'',15,2,'袋',8),(14,'0006','冰糖金桔干',100,100,'300g装','松川良品',5.03,5,'',13,2,'盒',8),(15,'0007','吉利人家牛肉味蛋糕',100,100,'500g装','吉利人家食品',4.5,4.5,'',10,2,'袋',8),(16,'0008','奶油桃肉蜜饯果脯果干桃肉干',100,100,'128g装','奕森',3,3,'',10,2,'盒',8),(17,'0009','坚果精品干果开心果',100,100,'240g装','奕森',20,20,'吃了开心',33,2,'袋',8),(18,'0010','劲仔小鱼干',500,100,'250g装','劲仔',12,12,'',20,2,'袋',8),(19,'0011','山楂条',0,100,'198g装','七贤升利食品',3.2,3.2,'',10,0,'袋',8),(20,'0012','大乌梅干',0,100,'500g装','鼎丰真食品',20,20,'',25,0,'袋',8),(21,'0013','芝麻香酥',0,100,'250g装','桂林兰雨食品',3,3,'',8,2,'袋',8),(22,'0014','美国青豆',100,100,'250g装','菲律宾',5,5,'',8,2,'袋',8),(28,'0019','小黄人香蕉',100,100,'散装500克','小黄人',8,8,'',9,2,'袋',4),(29,'0020','云南土豆',100,100,'散装500克','云南',19,19,'',29,0,'袋',5),(30,'0021','真果粒',100,100,'500克装','蒙牛',45,45,'',65,0,'箱',7),(31,'0022','可口可乐',100,100,'330ml','可口可乐',2,2,'',4,0,'瓶',7),(32,'0023','山西陈醋',100,100,'820ml','山西',4,4,'',7,0,'瓶',10),(33,'0024','RIO鸡尾酒',100,100,'300ml','锐澳',4.5,4.5,'',7.9,0,'听',9),(34,'0025','坤太1+2辣椒面',100,100,'2g装','坤太',1,1,'',3,0,'袋',10),(35,'0026','绿箭口香糖',100,100,'40粒','绿箭',2,2,'',4,0,'盒',8),(37,'0027','农夫山泉',100,100,'2000ml','农夫山泉',2,2,'',4,2,'瓶',7);
/*!40000 ALTER TABLE `goods` ENABLE KEYS */;
UNLOCK TABLES;

--
-- Table structure for table `goods_type`
--

DROP TABLE IF EXISTS `goods_type`;
/*!40101 SET @saved_cs_client     = @@character_set_client */;
/*!50503 SET character_set_client = utf8mb4 */;
CREATE TABLE `goods_type` (
  `goods_type_id` int NOT NULL AUTO_INCREMENT COMMENT '商品类别id，主键',
  `goods_type_name` varchar(50) CHARACTER SET utf8 COLLATE utf8_general_ci DEFAULT NULL COMMENT '商品类别名称',
  `p_id` int DEFAULT NULL COMMENT '父商品类别id',
  `goods_type_state` int DEFAULT NULL COMMENT '类别状态，0为叶子节点',
  PRIMARY KEY (`goods_type_id`) USING BTREE
) ENGINE=InnoDB AUTO_INCREMENT=24 DEFAULT CHARSET=utf8mb3 ROW_FORMAT=DYNAMIC;
/*!40101 SET character_set_client = @saved_cs_client */;

--
-- Dumping data for table `goods_type`
--

LOCK TABLES `goods_type` WRITE;
/*!40000 ALTER TABLE `goods_type` DISABLE KEYS */;
INSERT INTO `goods_type` VALUES (1,'所有类别',-1,1),(2,'干粮',1,0),(3,'肉禽类',1,1),(4,'水果类',1,0),(5,'蔬菜类',1,0),(6,'乳制品',1,0),(7,'饮料类',1,1),(8,'零食类',1,0),(9,'酒类',7,0),(10,'调味品类',1,0),(11,'冻货',3,0),(12,'豆制品',1,0);
/*!40000 ALTER TABLE `goods_type` ENABLE KEYS */;
UNLOCK TABLES;

--
-- Table structure for table `log`
--

DROP TABLE IF EXISTS `log`;
/*!40101 SET @saved_cs_client     = @@character_set_client */;
/*!50503 SET character_set_client = utf8mb4 */;
CREATE TABLE `log` (
  `log_id` int NOT NULL AUTO_INCREMENT,
  `log_type` varchar(50) CHARACTER SET utf8mb4 COLLATE utf8mb4_0900_ai_ci DEFAULT NULL,
  `content` varchar(50) CHARACTER SET utf8mb4 COLLATE utf8mb4_0900_ai_ci DEFAULT NULL,
  `log_date` datetime DEFAULT NULL,
  `user_id` int DEFAULT NULL,
  PRIMARY KEY (`log_id`)
) ENGINE=InnoDB AUTO_INCREMENT=1707 DEFAULT CHARSET=utf8mb4 COLLATE=utf8mb4_0900_ai_ci;
/*!40101 SET character_set_client = @saved_cs_client */;

--
-- Dumping data for table `log`
--

LOCK TABLES `log` WRITE;
/*!40000 ALTER TABLE `log` DISABLE KEYS */;
INSERT INTO `log` VALUES (1,'登录操作','登录系统','2023-12-20 11:32:41',1),(2,'查询操作','分页查询商品库存信息','2023-12-20 11:32:41',1),(3,'查询操作','销售单据查询','2023-12-20 11:32:56',1),(4,'查询操作','销售单据查询','2023-12-20 11:32:56',1),(5,'查询操作','分页查询商品信息（无库存）','2023-12-20 11:36:26',1),(6,'查询操作','分页查询商品信息（有库存）','2023-12-20 11:36:26',1),(7,'查询操作','查询商品类别信息','2023-12-20 11:36:38',1),(8,'查询操作','分页查询客户','2023-12-20 11:36:39',1),(9,'查询操作','分页查询客户','2023-12-20 11:36:39',1),(10,'查询操作','分页查询供应商','2023-12-20 11:36:42',1),(11,'查询操作','分页查询供应商','2023-12-20 11:36:42',1),(12,'查询操作','进货单据查询','2023-12-20 11:36:54',1),(13,'查询操作','进货单据查询','2023-12-20 11:36:54',1),(14,'查询操作','退货单据查询','2023-12-20 11:36:55',1),(15,'查询操作','退货单据查询','2023-12-20 11:36:55',1),(16,'查询操作','分页查询商品库存信息','2023-12-20 11:36:56',1),(17,'查询操作','分页查询商品库存信息','2023-12-20 11:37:37',1),(18,'登录操作','登录系统','2023-12-20 12:00:54',1),(19,'查询操作','分页查询商品库存信息','2023-12-20 12:00:55',1),(20,'查询操作','进货单据查询','2023-12-20 12:01:16',1),(21,'查询操作','进货单据查询','2023-12-20 12:01:16',1),(22,'查询操作','退货单据查询','2023-12-20 12:01:17',1),(23,'查询操作','退货单据查询','2023-12-20 12:01:17',1),(24,'查询操作','分页查询商品库存信息','2023-12-20 12:01:18',1),(25,'登录操作','登录系统','2023-12-20 12:08:39',1),(26,'查询操作','分页查询商品库存信息','2023-12-20 12:08:40',1),(27,'登录操作','登录系统','2023-12-20 12:50:52',1),(28,'查询操作','分页查询商品库存信息','2023-12-20 12:50:53',1),(29,'查询操作','进货单据查询','2023-12-20 12:51:21',1),(30,'查询操作','进货单据查询','2023-12-20 12:51:21',1),(31,'查询操作','退货单据查询','2023-12-20 12:51:26',1),(32,'查询操作','退货单据查询','2023-12-20 12:51:26',1),(33,'查询操作','分页查询商品库存信息','2023-12-20 12:51:28',1),(34,'查询操作','销售单据查询','2023-12-20 12:52:19',1),(35,'查询操作','销售单据查询','2023-12-20 12:52:20',1),(36,'查询操作','客户退货单据查询','2023-12-20 12:52:27',1),(37,'查询操作','客户退货单据查询','2023-12-20 12:52:27',1),(38,'查询操作','查询库存报警商品信息','2023-12-20 12:56:19',1),(39,'查询操作','商品报损单据查询','2023-12-20 12:56:21',1),(40,'查询操作','进货单据查询','2023-12-20 12:56:28',1),(41,'查询操作','退货单据查询','2023-12-20 12:56:28',1),(42,'查询操作','销售单据查询','2023-12-20 12:57:07',1),(43,'查询操作','客户退货单据查询','2023-12-20 12:57:07',1),(44,'查询操作','客户退货单商品信息查询','2023-12-20 12:57:22',1),(45,'查询操作','分页查询供应商','2023-12-20 12:57:31',1),(46,'查询操作','分页查询供应商','2023-12-20 12:57:31',1),(47,'查询操作','分页查询客户','2023-12-20 12:57:35',1),(48,'查询操作','分页查询客户','2023-12-20 12:57:35',1),(49,'查询操作','查询商品类别信息','2023-12-20 12:57:37',1),(50,'登录操作','登录系统','2023-12-20 13:00:12',1),(51,'查询操作','分页查询商品库存信息','2023-12-20 13:00:13',1),(52,'查询操作','分页查询角色信息','2023-12-20 13:00:18',1),(53,'查询操作','分页查询角色信息','2023-12-20 13:00:18',1),(54,'查询操作','分页查询用户信息','2023-12-20 13:00:20',1),(55,'查询操作','查询所有角色信息','2023-12-20 13:00:20',1),(56,'查询操作','分页查询用户信息','2023-12-20 13:00:20',1),(57,'查询操作','分页查询商品信息（无库存）','2023-12-20 13:00:34',1),(58,'查询操作','分页查询商品信息（有库存）','2023-12-20 13:00:34',1),(59,'查询操作','查询商品类别信息','2023-12-20 13:02:00',1),(60,'查询操作','分页查询客户','2023-12-20 13:02:31',1),(61,'查询操作','分页查询客户','2023-12-20 13:02:31',1),(62,'查询操作','分页查询供应商','2023-12-20 13:02:32',1),(63,'查询操作','分页查询供应商','2023-12-20 13:02:32',1),(64,'查询操作','销售商品统计查询','2023-12-20 13:02:37',1),(65,'查询操作','客户退货商品统计查询','2023-12-20 13:02:37',1),(66,'查询操作','退货商品统计查询','2023-12-20 13:02:45',1),(67,'查询操作','进货商品统计查询','2023-12-20 13:02:45',1),(68,'查询操作','客户退货单据查询','2023-12-20 13:03:05',1),(69,'查询操作','销售单据查询','2023-12-20 13:03:05',1),(70,'查询操作','进货单据查询','2023-12-20 13:03:08',1),(71,'查询操作','退货单据查询','2023-12-20 13:03:08',1),(72,'查询操作','分页查询商品库存信息','2023-12-20 13:03:14',1),(73,'查询操作','进货单据查询','2023-12-20 13:03:30',1),(74,'查询操作','进货单据查询','2023-12-20 13:03:30',1),(75,'查询操作','退货单据查询','2023-12-20 13:03:32',1),(76,'查询操作','退货单据查询','2023-12-20 13:03:32',1),(77,'查询操作','客户退货单据查询','2023-12-20 13:03:56',1),(78,'查询操作','客户退货单据查询','2023-12-20 13:03:56',1),(79,'查询操作','查询库存报警商品信息','2023-12-20 13:04:03',1),(80,'查询操作','商品报损单据查询','2023-12-20 13:04:15',1),(81,'查询操作','销售单据查询','2023-12-20 13:05:41',1),(82,'查询操作','销售单据查询','2023-12-20 13:05:41',1),(83,'查询操作','销售单据查询','2023-12-20 13:06:51',1),(84,'查询操作','销售单据查询','2023-12-20 13:06:52',1),(85,'查询操作','销售单据查询','2023-12-20 13:06:53',1),(86,'查询操作','销售单据查询','2023-12-20 13:06:53',1),(87,'查询操作','销售单据查询','2023-12-20 13:10:59',1),(88,'查询操作','销售单据查询','2023-12-20 13:11:38',1),(89,'查询操作','销售单据查询','2023-12-20 13:15:03',1),(90,'查询操作','客户退货单商品信息查询','2023-12-20 13:18:15',1),(91,'查询操作','客户退货单商品信息查询','2023-12-20 13:18:16',1),(92,'查询操作','客户退货单据查询','2023-12-20 13:18:23',1),(93,'查询操作','客户退货单据查询','2023-12-20 13:18:25',1),(94,'登录操作','登录系统','2023-12-20 13:21:52',1),(95,'查询操作','分页查询商品库存信息','2023-12-20 13:21:53',1),(96,'查询操作','分页查询商品信息（无库存）','2023-12-20 13:22:10',1),(97,'查询操作','分页查询商品信息（有库存）','2023-12-20 13:22:10',1),(98,'查询操作','查询商品类别信息','2023-12-20 13:22:12',1),(99,'查询操作','分页查询客户','2023-12-20 13:22:13',1),(100,'查询操作','分页查询客户','2023-12-20 13:22:13',1),(101,'查询操作','分页查询供应商','2023-12-20 13:22:13',1),(102,'查询操作','分页查询供应商','2023-12-20 13:22:13',1),(103,'查询操作','客户退货商品统计查询','2023-12-20 13:22:26',1),(104,'查询操作','销售商品统计查询','2023-12-20 13:22:26',1),(105,'查询操作','退货商品统计查询','2023-12-20 13:22:32',1),(106,'查询操作','进货商品统计查询','2023-12-20 13:22:32',1),(107,'查询操作','销售单据查询','2023-12-20 13:22:36',1),(108,'查询操作','客户退货单据查询','2023-12-20 13:22:36',1),(109,'查询操作','退货单据查询','2023-12-20 13:22:40',1),(110,'查询操作','进货单据查询','2023-12-20 13:22:40',1),(111,'查询操作','分页查询商品库存信息','2023-12-20 13:23:43',1),(112,'查询操作','商品报损单据查询','2023-12-20 13:23:51',1),(113,'查询操作','查询按日统计分析数据','2023-12-20 13:23:57',1),(114,'查询操作','客户退货商品统计查询','2023-12-20 13:23:58',1),(115,'查询操作','销售商品统计查询','2023-12-20 13:23:58',1),(116,'查询操作','退货商品统计查询','2023-12-20 13:24:10',1),(117,'查询操作','进货商品统计查询','2023-12-20 13:24:10',1),(118,'查询操作','销售单据查询','2023-12-20 13:24:12',1),(119,'查询操作','客户退货单据查询','2023-12-20 13:24:12',1),(120,'查询操作','进货单据查询','2023-12-20 13:24:13',1),(121,'查询操作','退货单据查询','2023-12-20 13:24:13',1),(122,'查询操作','分页查询商品库存信息','2023-12-20 13:24:17',1),(123,'查询操作','查询库存报警商品信息','2023-12-20 13:24:18',1),(124,'查询操作','分页查询供应商','2023-12-20 13:24:29',1),(125,'查询操作','分页查询供应商','2023-12-20 13:24:29',1),(126,'查询操作','分页查询客户','2023-12-20 13:24:30',1),(127,'查询操作','分页查询客户','2023-12-20 13:24:30',1),(128,'查询操作','查询商品类别信息','2023-12-20 13:24:31',1),(129,'查询操作','进货单据查询','2023-12-20 13:25:18',1),(130,'查询操作','进货单据查询','2023-12-20 13:25:18',1),(131,'查询操作','退货单据查询','2023-12-20 13:25:19',1),(132,'查询操作','退货单据查询','2023-12-20 13:25:19',1),(133,'登录操作','登录系统','2023-12-20 13:30:04',1),(134,'查询操作','分页查询商品库存信息','2023-12-20 13:30:05',1),(135,'登录操作','登录系统','2023-12-20 13:50:09',1),(136,'查询操作','分页查询商品库存信息','2023-12-20 13:50:10',1),(137,'查询操作','进货单据查询','2023-12-20 13:50:12',1),(138,'查询操作','进货单据查询','2023-12-20 13:50:12',1),(139,'查询操作','分页查询商品库存信息','2023-12-20 13:50:12',1),(140,'查询操作','销售单据查询','2023-12-20 13:50:13',1),(141,'查询操作','销售单据查询','2023-12-20 13:50:13',1),(142,'登录操作','登录系统','2023-12-20 14:04:48',1),(143,'查询操作','分页查询商品库存信息','2023-12-20 14:04:49',1),(144,'查询操作','销售单据查询','2023-12-20 14:04:51',1),(145,'查询操作','销售单据查询','2023-12-20 14:04:51',1),(146,'登录操作','登录系统','2023-12-20 14:07:27',1),(147,'查询操作','分页查询商品库存信息','2023-12-20 14:07:27',1),(148,'查询操作','退货单据查询','2023-12-20 14:07:30',1),(149,'查询操作','退货单据查询','2023-12-20 14:07:30',1),(150,'查询操作','分页查询商品库存信息','2023-12-20 14:07:30',1),(151,'查询操作','销售单据查询','2023-12-20 14:07:31',1),(152,'查询操作','销售单据查询','2023-12-20 14:07:31',1),(153,'登录操作','登录系统','2023-12-20 14:25:30',1),(154,'查询操作','分页查询商品库存信息','2023-12-20 14:25:31',1),(155,'登录操作','登录系统','2023-12-20 15:28:20',1),(156,'查询操作','分页查询商品库存信息','2023-12-20 15:28:21',1),(157,'查询操作','分页查询角色信息','2023-12-20 15:28:28',1),(158,'查询操作','分页查询角色信息','2023-12-20 15:28:28',1),(159,'查询操作','分页查询用户信息','2023-12-20 15:28:42',1),(160,'查询操作','查询所有角色信息','2023-12-20 15:28:42',1),(161,'查询操作','分页查询用户信息','2023-12-20 15:28:42',1),(162,'新增操作','添加用户:hpx','2023-12-20 15:34:00',1),(163,'查询操作','分页查询用户信息','2023-12-20 15:34:00',1),(164,'查询操作','分页查询商品库存信息','2023-12-20 15:34:58',1),(165,'查询操作','分页查询用户信息','2023-12-20 15:35:01',1),(166,'查询操作','查询所有角色信息','2023-12-20 15:35:01',1),(167,'查询操作','分页查询用户信息','2023-12-20 15:35:01',1),(168,'登录操作','登录系统','2023-12-20 15:36:51',1),(169,'查询操作','分页查询商品库存信息','2023-12-20 15:36:52',1),(170,'查询操作','分页查询用户信息','2023-12-20 15:36:55',1),(171,'查询操作','查询所有角色信息','2023-12-20 15:36:55',1),(172,'查询操作','分页查询用户信息','2023-12-20 15:36:55',1),(173,'新增操作','添加用户:123','2023-12-20 15:37:04',1),(174,'查询操作','分页查询用户信息','2023-12-20 15:37:05',1),(175,'登录操作','登录系统','2023-12-20 20:33:36',1),(176,'查询操作','分页查询商品库存信息','2023-12-20 20:33:37',1),(177,'查询操作','分页查询客户','2023-12-20 20:33:41',1),(178,'查询操作','分页查询客户','2023-12-20 20:33:41',1),(179,'查询操作','查询商品类别信息','2023-12-20 20:33:42',1),(180,'查询操作','查询商品类别信息','2023-12-20 20:33:43',1),(181,'查询操作','查询商品类别信息','2023-12-20 20:33:43',1),(182,'查询操作','查询商品类别信息','2023-12-20 20:33:43',1),(183,'查询操作','查询商品类别信息','2023-12-20 20:33:43',1),(184,'查询操作','查询商品类别信息','2023-12-20 20:33:43',1),(185,'查询操作','查询商品类别信息','2023-12-20 20:33:43',1),(186,'查询操作','查询商品类别信息','2023-12-20 20:33:44',1),(187,'查询操作','查询商品类别信息','2023-12-20 20:33:44',1),(188,'查询操作','查询商品类别信息','2023-12-20 20:33:44',1),(189,'查询操作','查询商品类别信息','2023-12-20 20:33:44',1),(190,'查询操作','查询商品类别信息','2023-12-20 20:33:44',1),(191,'查询操作','查询商品类别信息','2023-12-20 20:33:44',1),(192,'查询操作','查询商品类别信息','2023-12-20 20:33:44',1),(193,'查询操作','查询商品类别信息','2023-12-20 20:33:44',1),(194,'查询操作','查询商品类别信息','2023-12-20 20:33:44',1),(195,'查询操作','查询商品类别信息','2023-12-20 20:33:44',1),(196,'查询操作','查询商品类别信息','2023-12-20 20:33:45',1),(197,'查询操作','查询商品类别信息','2023-12-20 20:33:45',1),(198,'查询操作','查询商品类别信息','2023-12-20 20:33:45',1),(199,'查询操作','查询商品类别信息','2023-12-20 20:33:45',1),(200,'查询操作','查询商品类别信息','2023-12-20 20:33:45',1),(201,'查询操作','查询商品类别信息','2023-12-20 20:33:45',1),(202,'查询操作','查询商品类别信息','2023-12-20 20:33:45',1),(203,'查询操作','查询商品类别信息','2023-12-20 20:33:45',1),(204,'查询操作','查询商品类别信息','2023-12-20 20:33:46',1),(205,'查询操作','查询商品类别信息','2023-12-20 20:33:46',1),(206,'查询操作','查询商品类别信息','2023-12-20 20:33:46',1),(207,'查询操作','查询商品类别信息','2023-12-20 20:33:46',1),(208,'查询操作','查询商品类别信息','2023-12-20 20:33:46',1),(209,'查询操作','查询商品类别信息','2023-12-20 20:33:46',1),(210,'查询操作','查询商品类别信息','2023-12-20 20:33:47',1),(211,'查询操作','查询商品类别信息','2023-12-20 20:33:47',1),(212,'查询操作','查询商品类别信息','2023-12-20 20:33:47',1),(213,'查询操作','查询商品类别信息','2023-12-20 20:33:47',1),(214,'查询操作','查询商品类别信息','2023-12-20 20:33:47',1),(215,'查询操作','查询商品类别信息','2023-12-20 20:33:47',1),(216,'查询操作','查询商品类别信息','2023-12-20 20:33:47',1),(217,'查询操作','查询商品类别信息','2023-12-20 20:33:47',1),(218,'查询操作','查询商品类别信息','2023-12-20 20:33:47',1),(219,'查询操作','查询商品类别信息','2023-12-20 20:33:47',1),(220,'查询操作','查询商品类别信息','2023-12-20 20:33:48',1),(221,'查询操作','查询商品类别信息','2023-12-20 20:33:48',1),(222,'查询操作','查询商品类别信息','2023-12-20 20:33:48',1),(223,'查询操作','查询商品类别信息','2023-12-20 20:33:48',1),(224,'查询操作','查询商品类别信息','2023-12-20 20:33:48',1),(225,'查询操作','查询商品类别信息','2023-12-20 20:33:48',1),(226,'查询操作','查询商品类别信息','2023-12-20 20:33:48',1),(227,'查询操作','查询商品类别信息','2023-12-20 20:33:48',1),(228,'查询操作','查询商品类别信息','2023-12-20 20:33:49',1),(229,'查询操作','查询商品类别信息','2023-12-20 20:33:49',1),(230,'查询操作','查询商品类别信息','2023-12-20 20:33:49',1),(231,'查询操作','查询商品类别信息','2023-12-20 20:33:49',1),(232,'查询操作','查询商品类别信息','2023-12-20 20:33:49',1),(233,'查询操作','查询商品类别信息','2023-12-20 20:33:49',1),(234,'查询操作','查询商品类别信息','2023-12-20 20:33:49',1),(235,'查询操作','查询商品类别信息','2023-12-20 20:33:50',1),(236,'查询操作','查询商品类别信息','2023-12-20 20:33:50',1),(237,'查询操作','查询商品类别信息','2023-12-20 20:33:50',1),(238,'查询操作','查询商品类别信息','2023-12-20 20:33:50',1),(239,'查询操作','查询商品类别信息','2023-12-20 20:33:50',1),(240,'查询操作','查询商品类别信息','2023-12-20 20:33:50',1),(241,'查询操作','查询商品类别信息','2023-12-20 20:33:50',1),(242,'查询操作','查询商品类别信息','2023-12-20 20:33:50',1),(243,'查询操作','查询商品类别信息','2023-12-20 20:33:51',1),(244,'查询操作','查询商品类别信息','2023-12-20 20:33:51',1),(245,'查询操作','查询商品类别信息','2023-12-20 20:33:51',1),(246,'查询操作','查询商品类别信息','2023-12-20 20:33:51',1),(247,'查询操作','查询商品类别信息','2023-12-20 20:33:51',1),(248,'查询操作','查询商品类别信息','2023-12-20 20:33:51',1),(249,'查询操作','查询商品类别信息','2023-12-20 20:33:51',1),(250,'查询操作','查询商品类别信息','2023-12-20 20:33:51',1),(251,'查询操作','查询商品类别信息','2023-12-20 20:33:51',1),(252,'查询操作','查询商品类别信息','2023-12-20 20:33:52',1),(253,'查询操作','查询商品类别信息','2023-12-20 20:33:52',1),(254,'查询操作','查询商品类别信息','2023-12-20 20:33:52',1),(255,'查询操作','查询商品类别信息','2023-12-20 20:33:52',1),(256,'查询操作','查询商品类别信息','2023-12-20 20:33:52',1),(257,'查询操作','查询商品类别信息','2023-12-20 20:33:52',1),(258,'查询操作','查询商品类别信息','2023-12-20 20:33:52',1),(259,'查询操作','查询商品类别信息','2023-12-20 20:33:53',1),(260,'查询操作','查询商品类别信息','2023-12-20 20:33:53',1),(261,'查询操作','查询商品类别信息','2023-12-20 20:33:53',1),(262,'查询操作','查询商品类别信息','2023-12-20 20:33:53',1),(263,'查询操作','查询商品类别信息','2023-12-20 20:33:53',1),(264,'查询操作','查询商品类别信息','2023-12-20 20:33:53',1),(265,'查询操作','查询商品类别信息','2023-12-20 20:33:53',1),(266,'查询操作','查询商品类别信息','2023-12-20 20:33:53',1),(267,'查询操作','查询商品类别信息','2023-12-20 20:33:54',1),(268,'查询操作','查询商品类别信息','2023-12-20 20:33:54',1),(269,'查询操作','查询商品类别信息','2023-12-20 20:33:54',1),(270,'查询操作','查询商品类别信息','2023-12-20 20:33:54',1),(271,'查询操作','查询商品类别信息','2023-12-20 20:33:54',1),(272,'查询操作','查询商品类别信息','2023-12-20 20:33:54',1),(273,'查询操作','查询商品类别信息','2023-12-20 20:33:54',1),(274,'查询操作','查询商品类别信息','2023-12-20 20:33:54',1),(275,'查询操作','查询商品类别信息','2023-12-20 20:33:55',1),(276,'查询操作','查询商品类别信息','2023-12-20 20:33:55',1),(277,'查询操作','查询商品类别信息','2023-12-20 20:33:55',1),(278,'查询操作','查询商品类别信息','2023-12-20 20:33:55',1),(279,'查询操作','查询商品类别信息','2023-12-20 20:33:55',1),(280,'查询操作','查询商品类别信息','2023-12-20 20:33:55',1),(281,'查询操作','查询商品类别信息','2023-12-20 20:33:55',1),(282,'查询操作','查询商品类别信息','2023-12-20 20:33:55',1),(283,'查询操作','查询商品类别信息','2023-12-20 20:33:56',1),(284,'查询操作','查询商品类别信息','2023-12-20 20:33:56',1),(285,'查询操作','查询商品类别信息','2023-12-20 20:33:56',1),(286,'查询操作','查询商品类别信息','2023-12-20 20:33:56',1),(287,'查询操作','查询商品类别信息','2023-12-20 20:33:56',1),(288,'查询操作','查询商品类别信息','2023-12-20 20:33:56',1),(289,'查询操作','查询商品类别信息','2023-12-20 20:33:56',1),(290,'查询操作','查询商品类别信息','2023-12-20 20:33:57',1),(291,'查询操作','查询商品类别信息','2023-12-20 20:33:57',1),(292,'查询操作','查询商品类别信息','2023-12-20 20:33:57',1),(293,'查询操作','查询商品类别信息','2023-12-20 20:33:57',1),(294,'查询操作','查询商品类别信息','2023-12-20 20:33:57',1),(295,'查询操作','查询商品类别信息','2023-12-20 20:33:57',1),(296,'查询操作','查询商品类别信息','2023-12-20 20:33:57',1),(297,'查询操作','查询商品类别信息','2023-12-20 20:33:57',1),(298,'查询操作','查询商品类别信息','2023-12-20 20:33:58',1),(299,'查询操作','查询商品类别信息','2023-12-20 20:33:58',1),(300,'查询操作','查询商品类别信息','2023-12-20 20:33:58',1),(301,'查询操作','查询商品类别信息','2023-12-20 20:33:58',1),(302,'查询操作','查询商品类别信息','2023-12-20 20:33:58',1),(303,'查询操作','查询商品类别信息','2023-12-20 20:33:58',1),(304,'查询操作','查询商品类别信息','2023-12-20 20:33:58',1),(305,'查询操作','查询商品类别信息','2023-12-20 20:33:58',1),(306,'查询操作','查询商品类别信息','2023-12-20 20:33:59',1),(307,'查询操作','查询商品类别信息','2023-12-20 20:33:59',1),(308,'查询操作','查询商品类别信息','2023-12-20 20:33:59',1),(309,'查询操作','查询商品类别信息','2023-12-20 20:33:59',1),(310,'查询操作','查询商品类别信息','2023-12-20 20:33:59',1),(311,'查询操作','查询商品类别信息','2023-12-20 20:33:59',1),(312,'查询操作','查询商品类别信息','2023-12-20 20:33:59',1),(313,'查询操作','查询商品类别信息','2023-12-20 20:34:00',1),(314,'查询操作','查询商品类别信息','2023-12-20 20:34:00',1),(315,'查询操作','查询商品类别信息','2023-12-20 20:34:00',1),(316,'查询操作','查询商品类别信息','2023-12-20 20:34:00',1),(317,'查询操作','查询商品类别信息','2023-12-20 20:34:00',1),(318,'查询操作','查询商品类别信息','2023-12-20 20:34:00',1),(319,'查询操作','查询商品类别信息','2023-12-20 20:34:00',1),(320,'查询操作','查询商品类别信息','2023-12-20 20:34:01',1),(321,'查询操作','查询商品类别信息','2023-12-20 20:34:01',1),(322,'查询操作','查询商品类别信息','2023-12-20 20:34:01',1),(323,'查询操作','查询商品类别信息','2023-12-20 20:34:01',1),(324,'查询操作','查询商品类别信息','2023-12-20 20:34:01',1),(325,'查询操作','查询商品类别信息','2023-12-20 20:34:01',1),(326,'查询操作','查询商品类别信息','2023-12-20 20:34:01',1),(327,'查询操作','查询商品类别信息','2023-12-20 20:34:02',1),(328,'查询操作','查询商品类别信息','2023-12-20 20:34:02',1),(329,'查询操作','查询商品类别信息','2023-12-20 20:34:02',1),(330,'查询操作','查询商品类别信息','2023-12-20 20:34:02',1),(331,'查询操作','查询商品类别信息','2023-12-20 20:34:02',1),(332,'查询操作','查询商品类别信息','2023-12-20 20:34:02',1),(333,'查询操作','查询商品类别信息','2023-12-20 20:34:02',1),(334,'查询操作','查询商品类别信息','2023-12-20 20:34:02',1),(335,'查询操作','查询商品类别信息','2023-12-20 20:34:02',1),(336,'查询操作','查询商品类别信息','2023-12-20 20:34:03',1),(337,'查询操作','查询商品类别信息','2023-12-20 20:34:03',1),(338,'查询操作','查询商品类别信息','2023-12-20 20:34:03',1),(339,'查询操作','查询商品类别信息','2023-12-20 20:34:03',1),(340,'查询操作','查询商品类别信息','2023-12-20 20:34:03',1),(341,'查询操作','查询商品类别信息','2023-12-20 20:34:03',1),(342,'查询操作','查询商品类别信息','2023-12-20 20:34:03',1),(343,'查询操作','查询商品类别信息','2023-12-20 20:34:04',1),(344,'查询操作','查询商品类别信息','2023-12-20 20:34:04',1),(345,'查询操作','查询商品类别信息','2023-12-20 20:34:04',1),(346,'查询操作','查询商品类别信息','2023-12-20 20:34:04',1),(347,'查询操作','查询商品类别信息','2023-12-20 20:34:04',1),(348,'查询操作','查询商品类别信息','2023-12-20 20:34:04',1),(349,'查询操作','查询商品类别信息','2023-12-20 20:34:04',1),(350,'查询操作','查询商品类别信息','2023-12-20 20:34:05',1),(351,'查询操作','查询商品类别信息','2023-12-20 20:34:05',1),(352,'查询操作','查询商品类别信息','2023-12-20 20:34:05',1),(353,'查询操作','查询商品类别信息','2023-12-20 20:34:05',1),(354,'查询操作','查询商品类别信息','2023-12-20 20:34:05',1),(355,'查询操作','查询商品类别信息','2023-12-20 20:34:05',1),(356,'查询操作','查询商品类别信息','2023-12-20 20:34:06',1),(357,'查询操作','查询商品类别信息','2023-12-20 20:34:06',1),(358,'查询操作','查询商品类别信息','2023-12-20 20:34:06',1),(359,'查询操作','查询商品类别信息','2023-12-20 20:34:06',1),(360,'查询操作','查询商品类别信息','2023-12-20 20:34:06',1),(361,'查询操作','查询商品类别信息','2023-12-20 20:34:06',1),(362,'查询操作','查询商品类别信息','2023-12-20 20:34:06',1),(363,'查询操作','查询商品类别信息','2023-12-20 20:34:06',1),(364,'查询操作','查询商品类别信息','2023-12-20 20:34:06',1),(365,'查询操作','查询商品类别信息','2023-12-20 20:34:06',1),(366,'查询操作','查询商品类别信息','2023-12-20 20:34:06',1),(367,'查询操作','查询商品类别信息','2023-12-20 20:34:07',1),(368,'查询操作','查询商品类别信息','2023-12-20 20:34:07',1),(369,'查询操作','查询商品类别信息','2023-12-20 20:34:07',1),(370,'查询操作','查询商品类别信息','2023-12-20 20:34:07',1),(371,'查询操作','查询商品类别信息','2023-12-20 20:34:07',1),(372,'查询操作','查询商品类别信息','2023-12-20 20:34:07',1),(373,'查询操作','查询商品类别信息','2023-12-20 20:34:08',1),(374,'查询操作','查询商品类别信息','2023-12-20 20:34:08',1),(375,'查询操作','查询商品类别信息','2023-12-20 20:34:08',1),(376,'查询操作','查询商品类别信息','2023-12-20 20:34:08',1),(377,'查询操作','查询商品类别信息','2023-12-20 20:34:08',1),(378,'查询操作','查询商品类别信息','2023-12-20 20:34:08',1),(379,'查询操作','查询商品类别信息','2023-12-20 20:34:08',1),(380,'查询操作','查询商品类别信息','2023-12-20 20:34:09',1),(381,'查询操作','查询商品类别信息','2023-12-20 20:34:09',1),(382,'查询操作','查询商品类别信息','2023-12-20 20:34:09',1),(383,'查询操作','查询商品类别信息','2023-12-20 20:34:09',1),(384,'查询操作','查询商品类别信息','2023-12-20 20:34:09',1),(385,'查询操作','查询商品类别信息','2023-12-20 20:34:09',1),(386,'查询操作','查询商品类别信息','2023-12-20 20:34:09',1),(387,'查询操作','查询商品类别信息','2023-12-20 20:34:10',1),(388,'查询操作','查询商品类别信息','2023-12-20 20:34:10',1),(389,'查询操作','查询商品类别信息','2023-12-20 20:34:10',1),(390,'查询操作','查询商品类别信息','2023-12-20 20:34:10',1),(391,'查询操作','查询商品类别信息','2023-12-20 20:34:10',1),(392,'查询操作','查询商品类别信息','2023-12-20 20:34:10',1),(393,'查询操作','查询商品类别信息','2023-12-20 20:34:10',1),(394,'查询操作','查询商品类别信息','2023-12-20 20:34:10',1),(395,'查询操作','查询商品类别信息','2023-12-20 20:34:10',1),(396,'查询操作','查询商品类别信息','2023-12-20 20:34:11',1),(397,'查询操作','查询商品类别信息','2023-12-20 20:34:11',1),(398,'查询操作','查询商品类别信息','2023-12-20 20:34:11',1),(399,'查询操作','查询商品类别信息','2023-12-20 20:34:11',1),(400,'查询操作','查询商品类别信息','2023-12-20 20:34:11',1),(401,'查询操作','查询商品类别信息','2023-12-20 20:34:11',1),(402,'查询操作','查询商品类别信息','2023-12-20 20:34:11',1),(403,'查询操作','查询商品类别信息','2023-12-20 20:34:12',1),(404,'查询操作','查询商品类别信息','2023-12-20 20:34:12',1),(405,'查询操作','查询商品类别信息','2023-12-20 20:34:12',1),(406,'查询操作','查询商品类别信息','2023-12-20 20:34:12',1),(407,'查询操作','查询商品类别信息','2023-12-20 20:34:12',1),(408,'查询操作','查询商品类别信息','2023-12-20 20:34:12',1),(409,'查询操作','查询商品类别信息','2023-12-20 20:34:13',1),(410,'查询操作','查询商品类别信息','2023-12-20 20:34:13',1),(411,'查询操作','查询商品类别信息','2023-12-20 20:34:13',1),(412,'查询操作','查询商品类别信息','2023-12-20 20:34:13',1),(413,'查询操作','查询商品类别信息','2023-12-20 20:34:13',1),(414,'查询操作','查询商品类别信息','2023-12-20 20:34:13',1),(415,'查询操作','查询商品类别信息','2023-12-20 20:34:13',1),(416,'查询操作','查询商品类别信息','2023-12-20 20:34:14',1),(417,'查询操作','查询商品类别信息','2023-12-20 20:34:14',1),(418,'查询操作','查询商品类别信息','2023-12-20 20:34:14',1),(419,'查询操作','查询商品类别信息','2023-12-20 20:34:14',1),(420,'查询操作','查询商品类别信息','2023-12-20 20:34:14',1),(421,'查询操作','查询商品类别信息','2023-12-20 20:34:14',1),(422,'查询操作','查询商品类别信息','2023-12-20 20:34:14',1),(423,'查询操作','查询商品类别信息','2023-12-20 20:34:14',1),(424,'查询操作','查询商品类别信息','2023-12-20 20:34:15',1),(425,'查询操作','查询商品类别信息','2023-12-20 20:34:15',1),(426,'查询操作','查询商品类别信息','2023-12-20 20:34:15',1),(427,'查询操作','查询商品类别信息','2023-12-20 20:34:15',1),(428,'查询操作','查询商品类别信息','2023-12-20 20:34:15',1),(429,'查询操作','查询商品类别信息','2023-12-20 20:34:15',1),(430,'查询操作','查询商品类别信息','2023-12-20 20:34:15',1),(431,'查询操作','查询商品类别信息','2023-12-20 20:34:15',1),(432,'查询操作','查询商品类别信息','2023-12-20 20:34:15',1),(433,'查询操作','查询商品类别信息','2023-12-20 20:34:16',1),(434,'查询操作','查询商品类别信息','2023-12-20 20:34:16',1),(435,'查询操作','查询商品类别信息','2023-12-20 20:34:16',1),(436,'查询操作','查询商品类别信息','2023-12-20 20:34:16',1),(437,'查询操作','查询商品类别信息','2023-12-20 20:34:16',1),(438,'查询操作','查询商品类别信息','2023-12-20 20:34:16',1),(439,'查询操作','查询商品类别信息','2023-12-20 20:34:17',1),(440,'查询操作','查询商品类别信息','2023-12-20 20:34:17',1),(441,'查询操作','查询商品类别信息','2023-12-20 20:34:17',1),(442,'查询操作','查询商品类别信息','2023-12-20 20:34:17',1),(443,'查询操作','查询商品类别信息','2023-12-20 20:34:17',1),(444,'查询操作','查询商品类别信息','2023-12-20 20:34:17',1),(445,'查询操作','查询商品类别信息','2023-12-20 20:34:18',1),(446,'查询操作','查询商品类别信息','2023-12-20 20:34:18',1),(447,'查询操作','查询商品类别信息','2023-12-20 20:34:18',1),(448,'查询操作','查询商品类别信息','2023-12-20 20:34:18',1),(449,'查询操作','查询商品类别信息','2023-12-20 20:34:18',1),(450,'查询操作','查询商品类别信息','2023-12-20 20:34:18',1),(451,'查询操作','查询商品类别信息','2023-12-20 20:34:18',1),(452,'查询操作','查询商品类别信息','2023-12-20 20:34:18',1),(453,'查询操作','查询商品类别信息','2023-12-20 20:34:18',1),(454,'查询操作','查询商品类别信息','2023-12-20 20:34:19',1),(455,'查询操作','查询商品类别信息','2023-12-20 20:34:19',1),(456,'查询操作','查询商品类别信息','2023-12-20 20:34:19',1),(457,'查询操作','查询商品类别信息','2023-12-20 20:34:19',1),(458,'查询操作','查询商品类别信息','2023-12-20 20:34:19',1),(459,'查询操作','查询商品类别信息','2023-12-20 20:34:19',1),(460,'查询操作','查询商品类别信息','2023-12-20 20:34:19',1),(461,'查询操作','查询商品类别信息','2023-12-20 20:34:19',1),(462,'查询操作','查询商品类别信息','2023-12-20 20:34:19',1),(463,'查询操作','查询商品类别信息','2023-12-20 20:34:20',1),(464,'查询操作','查询商品类别信息','2023-12-20 20:34:20',1),(465,'查询操作','查询商品类别信息','2023-12-20 20:34:20',1),(466,'查询操作','查询商品类别信息','2023-12-20 20:34:20',1),(467,'查询操作','查询商品类别信息','2023-12-20 20:34:20',1),(468,'查询操作','查询商品类别信息','2023-12-20 20:34:20',1),(469,'查询操作','查询商品类别信息','2023-12-20 20:34:21',1),(470,'查询操作','查询商品类别信息','2023-12-20 20:34:21',1),(471,'查询操作','查询商品类别信息','2023-12-20 20:34:21',1),(472,'查询操作','查询商品类别信息','2023-12-20 20:34:21',1),(473,'查询操作','查询商品类别信息','2023-12-20 20:34:21',1),(474,'查询操作','查询商品类别信息','2023-12-20 20:34:21',1),(475,'查询操作','查询商品类别信息','2023-12-20 20:34:21',1),(476,'查询操作','查询商品类别信息','2023-12-20 20:34:21',1),(477,'查询操作','查询商品类别信息','2023-12-20 20:34:21',1),(478,'查询操作','查询商品类别信息','2023-12-20 20:34:21',1),(479,'查询操作','查询商品类别信息','2023-12-20 20:34:22',1),(480,'查询操作','查询商品类别信息','2023-12-20 20:34:22',1),(481,'查询操作','查询商品类别信息','2023-12-20 20:34:22',1),(482,'查询操作','查询商品类别信息','2023-12-20 20:34:22',1),(483,'查询操作','查询商品类别信息','2023-12-20 20:34:22',1),(484,'查询操作','查询商品类别信息','2023-12-20 20:34:22',1),(485,'查询操作','查询商品类别信息','2023-12-20 20:34:23',1),(486,'查询操作','查询商品类别信息','2023-12-20 20:34:23',1),(487,'查询操作','查询商品类别信息','2023-12-20 20:34:23',1),(488,'查询操作','查询商品类别信息','2023-12-20 20:34:23',1),(489,'查询操作','查询商品类别信息','2023-12-20 20:34:23',1),(490,'查询操作','查询商品类别信息','2023-12-20 20:34:23',1),(491,'查询操作','查询商品类别信息','2023-12-20 20:34:23',1),(492,'查询操作','查询商品类别信息','2023-12-20 20:34:24',1),(493,'查询操作','查询商品类别信息','2023-12-20 20:34:24',1),(494,'查询操作','查询商品类别信息','2023-12-20 20:34:24',1),(495,'查询操作','查询商品类别信息','2023-12-20 20:34:24',1),(496,'查询操作','查询商品类别信息','2023-12-20 20:34:24',1),(497,'查询操作','查询商品类别信息','2023-12-20 20:34:24',1),(498,'查询操作','查询商品类别信息','2023-12-20 20:34:24',1),(499,'查询操作','查询商品类别信息','2023-12-20 20:34:25',1),(500,'查询操作','查询商品类别信息','2023-12-20 20:34:25',1),(501,'查询操作','查询商品类别信息','2023-12-20 20:34:25',1),(502,'查询操作','查询商品类别信息','2023-12-20 20:34:25',1),(503,'查询操作','查询商品类别信息','2023-12-20 20:34:25',1),(504,'查询操作','查询商品类别信息','2023-12-20 20:34:25',1),(505,'查询操作','查询商品类别信息','2023-12-20 20:34:25',1),(506,'查询操作','查询商品类别信息','2023-12-20 20:34:25',1),(507,'查询操作','查询商品类别信息','2023-12-20 20:34:25',1),(508,'查询操作','查询商品类别信息','2023-12-20 20:34:25',1),(509,'查询操作','查询商品类别信息','2023-12-20 20:34:26',1),(510,'查询操作','查询商品类别信息','2023-12-20 20:34:26',1),(511,'查询操作','查询商品类别信息','2023-12-20 20:34:26',1),(512,'查询操作','查询商品类别信息','2023-12-20 20:34:26',1),(513,'查询操作','查询商品类别信息','2023-12-20 20:34:26',1),(514,'查询操作','查询商品类别信息','2023-12-20 20:34:26',1),(515,'查询操作','查询商品类别信息','2023-12-20 20:34:27',1),(516,'查询操作','查询商品类别信息','2023-12-20 20:34:27',1),(517,'查询操作','查询商品类别信息','2023-12-20 20:34:27',1),(518,'查询操作','查询商品类别信息','2023-12-20 20:34:27',1),(519,'查询操作','查询商品类别信息','2023-12-20 20:34:27',1),(520,'查询操作','查询商品类别信息','2023-12-20 20:34:27',1),(521,'查询操作','查询商品类别信息','2023-12-20 20:34:27',1),(522,'查询操作','查询商品类别信息','2023-12-20 20:34:27',1),(523,'查询操作','查询商品类别信息','2023-12-20 20:34:28',1),(524,'查询操作','查询商品类别信息','2023-12-20 20:34:28',1),(525,'查询操作','查询商品类别信息','2023-12-20 20:34:28',1),(526,'查询操作','查询商品类别信息','2023-12-20 20:34:28',1),(527,'查询操作','查询商品类别信息','2023-12-20 20:34:28',1),(528,'查询操作','查询商品类别信息','2023-12-20 20:34:28',1),(529,'查询操作','查询商品类别信息','2023-12-20 20:34:28',1),(530,'查询操作','查询商品类别信息','2023-12-20 20:34:28',1),(531,'查询操作','查询商品类别信息','2023-12-20 20:34:29',1),(532,'查询操作','查询商品类别信息','2023-12-20 20:34:29',1),(533,'查询操作','查询商品类别信息','2023-12-20 20:34:29',1),(534,'查询操作','查询商品类别信息','2023-12-20 20:34:29',1),(535,'查询操作','查询商品类别信息','2023-12-20 20:34:29',1),(536,'查询操作','查询商品类别信息','2023-12-20 20:34:29',1),(537,'查询操作','查询商品类别信息','2023-12-20 20:34:30',1),(538,'查询操作','查询商品类别信息','2023-12-20 20:34:30',1),(539,'查询操作','查询商品类别信息','2023-12-20 20:34:30',1),(540,'查询操作','查询商品类别信息','2023-12-20 20:34:30',1),(541,'查询操作','查询商品类别信息','2023-12-20 20:34:30',1),(542,'查询操作','查询商品类别信息','2023-12-20 20:34:30',1),(543,'查询操作','查询商品类别信息','2023-12-20 20:34:30',1),(544,'查询操作','查询商品类别信息','2023-12-20 20:34:30',1),(545,'查询操作','查询商品类别信息','2023-12-20 20:34:30',1),(546,'查询操作','查询商品类别信息','2023-12-20 20:34:31',1),(547,'查询操作','查询商品类别信息','2023-12-20 20:34:31',1),(548,'查询操作','查询商品类别信息','2023-12-20 20:34:31',1),(549,'查询操作','查询商品类别信息','2023-12-20 20:34:31',1),(550,'查询操作','查询商品类别信息','2023-12-20 20:34:31',1),(551,'查询操作','查询商品类别信息','2023-12-20 20:34:31',1),(552,'查询操作','查询商品类别信息','2023-12-20 20:34:31',1),(553,'查询操作','查询商品类别信息','2023-12-20 20:34:32',1),(554,'查询操作','查询商品类别信息','2023-12-20 20:34:32',1),(555,'查询操作','查询商品类别信息','2023-12-20 20:34:32',1),(556,'查询操作','查询商品类别信息','2023-12-20 20:34:32',1),(557,'查询操作','查询商品类别信息','2023-12-20 20:34:32',1),(558,'查询操作','查询商品类别信息','2023-12-20 20:34:32',1),(559,'查询操作','查询商品类别信息','2023-12-20 20:34:32',1),(560,'查询操作','查询商品类别信息','2023-12-20 20:34:32',1),(561,'查询操作','查询商品类别信息','2023-12-20 20:34:33',1),(562,'查询操作','查询商品类别信息','2023-12-20 20:34:33',1),(563,'查询操作','查询商品类别信息','2023-12-20 20:34:33',1),(564,'查询操作','查询商品类别信息','2023-12-20 20:34:33',1),(565,'查询操作','查询商品类别信息','2023-12-20 20:34:33',1),(566,'查询操作','查询商品类别信息','2023-12-20 20:34:33',1),(567,'查询操作','查询商品类别信息','2023-12-20 20:34:33',1),(568,'查询操作','查询商品类别信息','2023-12-20 20:34:34',1),(569,'查询操作','查询商品类别信息','2023-12-20 20:34:34',1),(570,'查询操作','查询商品类别信息','2023-12-20 20:34:34',1),(571,'查询操作','查询商品类别信息','2023-12-20 20:34:34',1),(572,'查询操作','查询商品类别信息','2023-12-20 20:34:34',1),(573,'查询操作','查询商品类别信息','2023-12-20 20:34:34',1),(574,'查询操作','查询商品类别信息','2023-12-20 20:34:34',1),(575,'查询操作','查询商品类别信息','2023-12-20 20:34:34',1),(576,'查询操作','查询商品类别信息','2023-12-20 20:34:35',1),(577,'查询操作','查询商品类别信息','2023-12-20 20:34:35',1),(578,'查询操作','查询商品类别信息','2023-12-20 20:34:35',1),(579,'查询操作','查询商品类别信息','2023-12-20 20:34:35',1),(580,'查询操作','查询商品类别信息','2023-12-20 20:34:35',1),(581,'查询操作','查询商品类别信息','2023-12-20 20:34:35',1),(582,'查询操作','查询商品类别信息','2023-12-20 20:34:35',1),(583,'查询操作','查询商品类别信息','2023-12-20 20:34:35',1),(584,'查询操作','查询商品类别信息','2023-12-20 20:34:36',1),(585,'查询操作','查询商品类别信息','2023-12-20 20:34:36',1),(586,'查询操作','查询商品类别信息','2023-12-20 20:34:36',1),(587,'查询操作','查询商品类别信息','2023-12-20 20:34:36',1),(588,'查询操作','查询商品类别信息','2023-12-20 20:34:36',1),(589,'查询操作','查询商品类别信息','2023-12-20 20:34:36',1),(590,'查询操作','查询商品类别信息','2023-12-20 20:34:36',1),(591,'查询操作','查询商品类别信息','2023-12-20 20:34:37',1),(592,'查询操作','查询商品类别信息','2023-12-20 20:34:37',1),(593,'查询操作','查询商品类别信息','2023-12-20 20:34:37',1),(594,'查询操作','查询商品类别信息','2023-12-20 20:34:37',1),(595,'查询操作','查询商品类别信息','2023-12-20 20:34:37',1),(596,'查询操作','查询商品类别信息','2023-12-20 20:34:37',1),(597,'查询操作','查询商品类别信息','2023-12-20 20:34:37',1),(598,'查询操作','查询商品类别信息','2023-12-20 20:34:37',1),(599,'查询操作','查询商品类别信息','2023-12-20 20:34:38',1),(600,'查询操作','查询商品类别信息','2023-12-20 20:34:38',1),(601,'查询操作','查询商品类别信息','2023-12-20 20:34:38',1),(602,'查询操作','查询商品类别信息','2023-12-20 20:34:38',1),(603,'查询操作','查询商品类别信息','2023-12-20 20:34:38',1),(604,'查询操作','查询商品类别信息','2023-12-20 20:34:38',1),(605,'查询操作','查询商品类别信息','2023-12-20 20:34:38',1),(606,'查询操作','查询商品类别信息','2023-12-20 20:34:38',1),(607,'查询操作','查询商品类别信息','2023-12-20 20:34:39',1),(608,'查询操作','查询商品类别信息','2023-12-20 20:34:39',1),(609,'查询操作','查询商品类别信息','2023-12-20 20:34:39',1),(610,'查询操作','查询商品类别信息','2023-12-20 20:34:39',1),(611,'查询操作','查询商品类别信息','2023-12-20 20:34:39',1),(612,'查询操作','查询商品类别信息','2023-12-20 20:34:39',1),(613,'查询操作','查询商品类别信息','2023-12-20 20:34:39',1),(614,'查询操作','查询商品类别信息','2023-12-20 20:34:40',1),(615,'查询操作','查询商品类别信息','2023-12-20 20:34:40',1),(616,'查询操作','查询商品类别信息','2023-12-20 20:34:40',1),(617,'查询操作','查询商品类别信息','2023-12-20 20:34:40',1),(618,'查询操作','查询商品类别信息','2023-12-20 20:34:40',1),(619,'查询操作','查询商品类别信息','2023-12-20 20:34:40',1),(620,'查询操作','查询商品类别信息','2023-12-20 20:34:40',1),(621,'查询操作','查询商品类别信息','2023-12-20 20:34:40',1),(622,'查询操作','查询商品类别信息','2023-12-20 20:34:40',1),(623,'查询操作','查询商品类别信息','2023-12-20 20:34:41',1),(624,'查询操作','查询商品类别信息','2023-12-20 20:34:41',1),(625,'查询操作','查询商品类别信息','2023-12-20 20:34:41',1),(626,'查询操作','查询商品类别信息','2023-12-20 20:34:41',1),(627,'查询操作','查询商品类别信息','2023-12-20 20:34:41',1),(628,'查询操作','查询商品类别信息','2023-12-20 20:34:41',1),(629,'查询操作','查询商品类别信息','2023-12-20 20:34:42',1),(630,'查询操作','查询商品类别信息','2023-12-20 20:34:42',1),(631,'查询操作','查询商品类别信息','2023-12-20 20:34:42',1),(632,'查询操作','查询商品类别信息','2023-12-20 20:34:42',1),(633,'查询操作','查询商品类别信息','2023-12-20 20:34:42',1),(634,'查询操作','查询商品类别信息','2023-12-20 20:34:42',1),(635,'查询操作','查询商品类别信息','2023-12-20 20:34:42',1),(636,'查询操作','查询商品类别信息','2023-12-20 20:34:42',1),(637,'查询操作','查询商品类别信息','2023-12-20 20:34:43',1),(638,'查询操作','查询商品类别信息','2023-12-20 20:34:43',1),(639,'查询操作','查询商品类别信息','2023-12-20 20:34:43',1),(640,'查询操作','查询商品类别信息','2023-12-20 20:34:43',1),(641,'查询操作','查询商品类别信息','2023-12-20 20:34:43',1),(642,'查询操作','查询商品类别信息','2023-12-20 20:34:43',1),(643,'查询操作','查询商品类别信息','2023-12-20 20:34:43',1),(644,'查询操作','查询商品类别信息','2023-12-20 20:34:43',1),(645,'查询操作','查询商品类别信息','2023-12-20 20:34:44',1),(646,'查询操作','查询商品类别信息','2023-12-20 20:34:44',1),(647,'查询操作','查询商品类别信息','2023-12-20 20:34:44',1),(648,'查询操作','查询商品类别信息','2023-12-20 20:34:44',1),(649,'查询操作','查询商品类别信息','2023-12-20 20:34:44',1),(650,'查询操作','查询商品类别信息','2023-12-20 20:34:44',1),(651,'查询操作','查询商品类别信息','2023-12-20 20:34:44',1),(652,'查询操作','查询商品类别信息','2023-12-20 20:34:45',1),(653,'查询操作','查询商品类别信息','2023-12-20 20:34:45',1),(654,'查询操作','查询商品类别信息','2023-12-20 20:34:45',1),(655,'查询操作','查询商品类别信息','2023-12-20 20:34:45',1),(656,'查询操作','查询商品类别信息','2023-12-20 20:34:45',1),(657,'查询操作','查询商品类别信息','2023-12-20 20:34:45',1),(658,'查询操作','查询商品类别信息','2023-12-20 20:34:45',1),(659,'查询操作','查询商品类别信息','2023-12-20 20:34:45',1),(660,'查询操作','查询商品类别信息','2023-12-20 20:34:46',1),(661,'查询操作','查询商品类别信息','2023-12-20 20:34:46',1),(662,'查询操作','查询商品类别信息','2023-12-20 20:34:46',1),(663,'查询操作','查询商品类别信息','2023-12-20 20:34:46',1),(664,'查询操作','查询商品类别信息','2023-12-20 20:34:46',1),(665,'查询操作','查询商品类别信息','2023-12-20 20:34:46',1),(666,'查询操作','查询商品类别信息','2023-12-20 20:34:46',1),(667,'查询操作','查询商品类别信息','2023-12-20 20:34:46',1),(668,'查询操作','查询商品类别信息','2023-12-20 20:34:46',1),(669,'查询操作','查询商品类别信息','2023-12-20 20:34:47',1),(670,'查询操作','查询商品类别信息','2023-12-20 20:34:47',1),(671,'查询操作','查询商品类别信息','2023-12-20 20:34:47',1),(672,'查询操作','查询商品类别信息','2023-12-20 20:34:47',1),(673,'查询操作','查询商品类别信息','2023-12-20 20:34:47',1),(674,'查询操作','查询商品类别信息','2023-12-20 20:34:47',1),(675,'查询操作','查询商品类别信息','2023-12-20 20:34:48',1),(676,'查询操作','查询商品类别信息','2023-12-20 20:34:48',1),(677,'查询操作','查询商品类别信息','2023-12-20 20:34:48',1),(678,'查询操作','查询商品类别信息','2023-12-20 20:34:48',1),(679,'查询操作','查询商品类别信息','2023-12-20 20:34:48',1),(680,'查询操作','查询商品类别信息','2023-12-20 20:34:48',1),(681,'查询操作','查询商品类别信息','2023-12-20 20:34:48',1),(682,'查询操作','查询商品类别信息','2023-12-20 20:34:49',1),(683,'查询操作','查询商品类别信息','2023-12-20 20:34:49',1),(684,'查询操作','查询商品类别信息','2023-12-20 20:34:49',1),(685,'查询操作','查询商品类别信息','2023-12-20 20:34:49',1),(686,'查询操作','查询商品类别信息','2023-12-20 20:34:49',1),(687,'查询操作','查询商品类别信息','2023-12-20 20:34:49',1),(688,'查询操作','查询商品类别信息','2023-12-20 20:34:49',1),(689,'查询操作','查询商品类别信息','2023-12-20 20:34:49',1),(690,'查询操作','查询商品类别信息','2023-12-20 20:34:49',1),(691,'查询操作','查询商品类别信息','2023-12-20 20:34:49',1),(692,'查询操作','查询商品类别信息','2023-12-20 20:34:50',1),(693,'查询操作','查询商品类别信息','2023-12-20 20:34:50',1),(694,'查询操作','查询商品类别信息','2023-12-20 20:34:50',1),(695,'查询操作','查询商品类别信息','2023-12-20 20:34:50',1),(696,'查询操作','查询商品类别信息','2023-12-20 20:34:50',1),(697,'查询操作','查询商品类别信息','2023-12-20 20:34:50',1),(698,'查询操作','查询商品类别信息','2023-12-20 20:34:50',1),(699,'查询操作','查询商品类别信息','2023-12-20 20:34:51',1),(700,'查询操作','查询商品类别信息','2023-12-20 20:34:51',1),(701,'查询操作','查询商品类别信息','2023-12-20 20:34:51',1),(702,'查询操作','查询商品类别信息','2023-12-20 20:34:51',1),(703,'查询操作','查询商品类别信息','2023-12-20 20:34:51',1),(704,'查询操作','查询商品类别信息','2023-12-20 20:34:51',1),(705,'查询操作','查询商品类别信息','2023-12-20 20:34:52',1),(706,'查询操作','查询商品类别信息','2023-12-20 20:34:52',1),(707,'查询操作','查询商品类别信息','2023-12-20 20:34:52',1),(708,'查询操作','查询商品类别信息','2023-12-20 20:34:52',1),(709,'查询操作','查询商品类别信息','2023-12-20 20:34:52',1),(710,'查询操作','查询商品类别信息','2023-12-20 20:34:52',1),(711,'查询操作','查询商品类别信息','2023-12-20 20:34:52',1),(712,'查询操作','查询商品类别信息','2023-12-20 20:34:52',1),(713,'查询操作','查询商品类别信息','2023-12-20 20:34:53',1),(714,'查询操作','查询商品类别信息','2023-12-20 20:34:53',1),(715,'查询操作','查询商品类别信息','2023-12-20 20:34:53',1),(716,'查询操作','查询商品类别信息','2023-12-20 20:34:53',1),(717,'查询操作','查询商品类别信息','2023-12-20 20:34:53',1),(718,'查询操作','查询商品类别信息','2023-12-20 20:34:53',1),(719,'查询操作','查询商品类别信息','2023-12-20 20:34:53',1),(720,'查询操作','查询商品类别信息','2023-12-20 20:34:53',1),(721,'查询操作','查询商品类别信息','2023-12-20 20:34:53',1),(722,'查询操作','查询商品类别信息','2023-12-20 20:34:54',1),(723,'查询操作','查询商品类别信息','2023-12-20 20:34:54',1),(724,'查询操作','查询商品类别信息','2023-12-20 20:34:54',1),(725,'查询操作','查询商品类别信息','2023-12-20 20:34:54',1),(726,'查询操作','查询商品类别信息','2023-12-20 20:34:54',1),(727,'查询操作','查询商品类别信息','2023-12-20 20:34:54',1),(728,'查询操作','查询商品类别信息','2023-12-20 20:34:54',1),(729,'查询操作','查询商品类别信息','2023-12-20 20:34:55',1),(730,'查询操作','查询商品类别信息','2023-12-20 20:34:55',1),(731,'查询操作','查询商品类别信息','2023-12-20 20:34:55',1),(732,'查询操作','查询商品类别信息','2023-12-20 20:34:55',1),(733,'查询操作','查询商品类别信息','2023-12-20 20:34:55',1),(734,'查询操作','查询商品类别信息','2023-12-20 20:34:55',1),(735,'查询操作','查询商品类别信息','2023-12-20 20:34:56',1),(736,'查询操作','查询商品类别信息','2023-12-20 20:34:56',1),(737,'查询操作','查询商品类别信息','2023-12-20 20:34:56',1),(738,'查询操作','查询商品类别信息','2023-12-20 20:34:56',1),(739,'查询操作','查询商品类别信息','2023-12-20 20:34:56',1),(740,'查询操作','查询商品类别信息','2023-12-20 20:34:56',1),(741,'查询操作','查询商品类别信息','2023-12-20 20:34:56',1),(742,'查询操作','查询商品类别信息','2023-12-20 20:34:56',1),(743,'查询操作','查询商品类别信息','2023-12-20 20:34:56',1),(744,'查询操作','查询商品类别信息','2023-12-20 20:34:57',1),(745,'查询操作','查询商品类别信息','2023-12-20 20:34:57',1),(746,'查询操作','查询商品类别信息','2023-12-20 20:34:57',1),(747,'查询操作','查询商品类别信息','2023-12-20 20:34:57',1),(748,'查询操作','查询商品类别信息','2023-12-20 20:34:57',1),(749,'查询操作','查询商品类别信息','2023-12-20 20:34:57',1),(750,'查询操作','查询商品类别信息','2023-12-20 20:34:57',1),(751,'查询操作','查询商品类别信息','2023-12-20 20:34:57',1),(752,'查询操作','查询商品类别信息','2023-12-20 20:34:57',1),(753,'查询操作','查询商品类别信息','2023-12-20 20:34:58',1),(754,'查询操作','查询商品类别信息','2023-12-20 20:34:58',1),(755,'查询操作','查询商品类别信息','2023-12-20 20:34:58',1),(756,'查询操作','查询商品类别信息','2023-12-20 20:34:58',1),(757,'查询操作','查询商品类别信息','2023-12-20 20:34:58',1),(758,'查询操作','查询商品类别信息','2023-12-20 20:34:58',1),(759,'查询操作','查询商品类别信息','2023-12-20 20:34:59',1),(760,'查询操作','查询商品类别信息','2023-12-20 20:34:59',1),(761,'查询操作','查询商品类别信息','2023-12-20 20:34:59',1),(762,'查询操作','查询商品类别信息','2023-12-20 20:34:59',1),(763,'查询操作','查询商品类别信息','2023-12-20 20:34:59',1),(764,'查询操作','查询商品类别信息','2023-12-20 20:34:59',1),(765,'查询操作','查询商品类别信息','2023-12-20 20:34:59',1),(766,'查询操作','查询商品类别信息','2023-12-20 20:34:59',1),(767,'查询操作','查询商品类别信息','2023-12-20 20:35:00',1),(768,'查询操作','查询商品类别信息','2023-12-20 20:35:00',1),(769,'查询操作','查询商品类别信息','2023-12-20 20:35:00',1),(770,'查询操作','查询商品类别信息','2023-12-20 20:35:00',1),(771,'查询操作','查询商品类别信息','2023-12-20 20:35:00',1),(772,'查询操作','查询商品类别信息','2023-12-20 20:35:00',1),(773,'查询操作','查询商品类别信息','2023-12-20 20:35:00',1),(774,'查询操作','查询商品类别信息','2023-12-20 20:35:00',1),(775,'查询操作','查询商品类别信息','2023-12-20 20:35:01',1),(776,'查询操作','查询商品类别信息','2023-12-20 20:35:01',1),(777,'查询操作','查询商品类别信息','2023-12-20 20:35:01',1),(778,'查询操作','查询商品类别信息','2023-12-20 20:35:01',1),(779,'查询操作','查询商品类别信息','2023-12-20 20:35:01',1),(780,'查询操作','查询商品类别信息','2023-12-20 20:35:01',1),(781,'查询操作','查询商品类别信息','2023-12-20 20:35:01',1),(782,'查询操作','查询商品类别信息','2023-12-20 20:35:01',1),(783,'查询操作','查询商品类别信息','2023-12-20 20:35:02',1),(784,'查询操作','查询商品类别信息','2023-12-20 20:35:02',1),(785,'查询操作','查询商品类别信息','2023-12-20 20:35:02',1),(786,'查询操作','查询商品类别信息','2023-12-20 20:35:02',1),(787,'查询操作','查询商品类别信息','2023-12-20 20:35:02',1),(788,'查询操作','查询商品类别信息','2023-12-20 20:35:02',1),(789,'查询操作','查询商品类别信息','2023-12-20 20:35:02',1),(790,'查询操作','查询商品类别信息','2023-12-20 20:35:02',1),(791,'查询操作','查询商品类别信息','2023-12-20 20:35:03',1),(792,'查询操作','查询商品类别信息','2023-12-20 20:35:03',1),(793,'查询操作','查询商品类别信息','2023-12-20 20:35:03',1),(794,'查询操作','查询商品类别信息','2023-12-20 20:35:03',1),(795,'查询操作','查询商品类别信息','2023-12-20 20:35:03',1),(796,'查询操作','查询商品类别信息','2023-12-20 20:35:03',1),(797,'查询操作','查询商品类别信息','2023-12-20 20:35:03',1),(798,'查询操作','查询商品类别信息','2023-12-20 20:35:03',1),(799,'查询操作','查询商品类别信息','2023-12-20 20:35:04',1),(800,'查询操作','查询商品类别信息','2023-12-20 20:35:04',1),(801,'查询操作','查询商品类别信息','2023-12-20 20:35:04',1),(802,'查询操作','查询商品类别信息','2023-12-20 20:35:04',1),(803,'查询操作','查询商品类别信息','2023-12-20 20:35:04',1),(804,'查询操作','查询商品类别信息','2023-12-20 20:35:04',1),(805,'查询操作','查询商品类别信息','2023-12-20 20:35:04',1),(806,'查询操作','查询商品类别信息','2023-12-20 20:35:04',1),(807,'查询操作','查询商品类别信息','2023-12-20 20:35:05',1),(808,'查询操作','查询商品类别信息','2023-12-20 20:35:05',1),(809,'查询操作','查询商品类别信息','2023-12-20 20:35:05',1),(810,'查询操作','查询商品类别信息','2023-12-20 20:35:05',1),(811,'查询操作','查询商品类别信息','2023-12-20 20:35:05',1),(812,'查询操作','查询商品类别信息','2023-12-20 20:35:05',1),(813,'查询操作','查询商品类别信息','2023-12-20 20:35:06',1),(814,'查询操作','查询商品类别信息','2023-12-20 20:35:06',1),(815,'查询操作','查询商品类别信息','2023-12-20 20:35:06',1),(816,'查询操作','查询商品类别信息','2023-12-20 20:35:06',1),(817,'查询操作','查询商品类别信息','2023-12-20 20:35:06',1),(818,'查询操作','查询商品类别信息','2023-12-20 20:35:06',1),(819,'查询操作','查询商品类别信息','2023-12-20 20:35:06',1),(820,'查询操作','查询商品类别信息','2023-12-20 20:35:06',1),(821,'查询操作','查询商品类别信息','2023-12-20 20:35:07',1),(822,'查询操作','查询商品类别信息','2023-12-20 20:35:07',1),(823,'查询操作','查询商品类别信息','2023-12-20 20:35:07',1),(824,'查询操作','查询商品类别信息','2023-12-20 20:35:07',1),(825,'查询操作','查询商品类别信息','2023-12-20 20:35:07',1),(826,'查询操作','查询商品类别信息','2023-12-20 20:35:07',1),(827,'查询操作','查询商品类别信息','2023-12-20 20:35:07',1),(828,'查询操作','查询商品类别信息','2023-12-20 20:35:07',1),(829,'查询操作','查询商品类别信息','2023-12-20 20:35:08',1),(830,'查询操作','查询商品类别信息','2023-12-20 20:35:08',1),(831,'查询操作','查询商品类别信息','2023-12-20 20:35:08',1),(832,'查询操作','查询商品类别信息','2023-12-20 20:35:08',1),(833,'查询操作','查询商品类别信息','2023-12-20 20:35:08',1),(834,'查询操作','查询商品类别信息','2023-12-20 20:35:08',1),(835,'查询操作','查询商品类别信息','2023-12-20 20:35:08',1),(836,'查询操作','查询商品类别信息','2023-12-20 20:35:08',1),(837,'查询操作','查询商品类别信息','2023-12-20 20:35:09',1),(838,'查询操作','查询商品类别信息','2023-12-20 20:35:09',1),(839,'查询操作','查询商品类别信息','2023-12-20 20:35:09',1),(840,'查询操作','查询商品类别信息','2023-12-20 20:35:09',1),(841,'查询操作','查询商品类别信息','2023-12-20 20:35:09',1),(842,'查询操作','查询商品类别信息','2023-12-20 20:35:09',1),(843,'查询操作','查询商品类别信息','2023-12-20 20:35:09',1),(844,'查询操作','查询商品类别信息','2023-12-20 20:35:09',1),(845,'查询操作','查询商品类别信息','2023-12-20 20:35:10',1),(846,'查询操作','查询商品类别信息','2023-12-20 20:35:10',1),(847,'查询操作','查询商品类别信息','2023-12-20 20:35:10',1),(848,'查询操作','查询商品类别信息','2023-12-20 20:35:10',1),(849,'查询操作','查询商品类别信息','2023-12-20 20:35:10',1),(850,'查询操作','查询商品类别信息','2023-12-20 20:35:10',1),(851,'查询操作','查询商品类别信息','2023-12-20 20:35:10',1),(852,'查询操作','查询商品类别信息','2023-12-20 20:35:11',1),(853,'查询操作','查询商品类别信息','2023-12-20 20:35:11',1),(854,'查询操作','查询商品类别信息','2023-12-20 20:35:11',1),(855,'查询操作','查询商品类别信息','2023-12-20 20:35:11',1),(856,'查询操作','查询商品类别信息','2023-12-20 20:35:11',1),(857,'查询操作','查询商品类别信息','2023-12-20 20:35:11',1),(858,'查询操作','查询商品类别信息','2023-12-20 20:35:12',1),(859,'查询操作','查询商品类别信息','2023-12-20 20:35:12',1),(860,'查询操作','查询商品类别信息','2023-12-20 20:35:12',1),(861,'查询操作','查询商品类别信息','2023-12-20 20:35:12',1),(862,'查询操作','查询商品类别信息','2023-12-20 20:35:12',1),(863,'查询操作','查询商品类别信息','2023-12-20 20:35:12',1),(864,'查询操作','查询商品类别信息','2023-12-20 20:35:12',1),(865,'查询操作','查询商品类别信息','2023-12-20 20:35:12',1),(866,'查询操作','查询商品类别信息','2023-12-20 20:35:12',1),(867,'查询操作','查询商品类别信息','2023-12-20 20:35:12',1),(868,'查询操作','查询商品类别信息','2023-12-20 20:35:13',1),(869,'查询操作','查询商品类别信息','2023-12-20 20:35:13',1),(870,'查询操作','查询商品类别信息','2023-12-20 20:35:13',1),(871,'查询操作','查询商品类别信息','2023-12-20 20:35:13',1),(872,'查询操作','查询商品类别信息','2023-12-20 20:35:13',1),(873,'查询操作','查询商品类别信息','2023-12-20 20:35:13',1),(874,'查询操作','查询商品类别信息','2023-12-20 20:35:13',1),(875,'查询操作','查询商品类别信息','2023-12-20 20:35:14',1),(876,'查询操作','查询商品类别信息','2023-12-20 20:35:14',1),(877,'查询操作','查询商品类别信息','2023-12-20 20:35:14',1),(878,'查询操作','查询商品类别信息','2023-12-20 20:35:14',1),(879,'查询操作','查询商品类别信息','2023-12-20 20:35:14',1),(880,'查询操作','查询商品类别信息','2023-12-20 20:35:14',1),(881,'查询操作','查询商品类别信息','2023-12-20 20:35:14',1),(882,'查询操作','查询商品类别信息','2023-12-20 20:35:14',1),(883,'查询操作','查询商品类别信息','2023-12-20 20:35:15',1),(884,'查询操作','查询商品类别信息','2023-12-20 20:35:15',1),(885,'查询操作','查询商品类别信息','2023-12-20 20:35:15',1),(886,'查询操作','查询商品类别信息','2023-12-20 20:35:15',1),(887,'查询操作','查询商品类别信息','2023-12-20 20:35:15',1),(888,'查询操作','查询商品类别信息','2023-12-20 20:35:15',1),(889,'查询操作','查询商品类别信息','2023-12-20 20:35:15',1),(890,'查询操作','查询商品类别信息','2023-12-20 20:35:15',1),(891,'查询操作','查询商品类别信息','2023-12-20 20:35:16',1),(892,'查询操作','查询商品类别信息','2023-12-20 20:35:16',1),(893,'查询操作','查询商品类别信息','2023-12-20 20:35:16',1),(894,'查询操作','查询商品类别信息','2023-12-20 20:35:16',1),(895,'查询操作','查询商品类别信息','2023-12-20 20:35:16',1),(896,'查询操作','查询商品类别信息','2023-12-20 20:35:16',1),(897,'查询操作','查询商品类别信息','2023-12-20 20:35:17',1),(898,'查询操作','查询商品类别信息','2023-12-20 20:35:17',1),(899,'查询操作','查询商品类别信息','2023-12-20 20:35:17',1),(900,'查询操作','查询商品类别信息','2023-12-20 20:35:17',1),(901,'查询操作','查询商品类别信息','2023-12-20 20:35:17',1),(902,'查询操作','查询商品类别信息','2023-12-20 20:35:17',1),(903,'查询操作','查询商品类别信息','2023-12-20 20:35:17',1),(904,'查询操作','查询商品类别信息','2023-12-20 20:35:17',1),(905,'查询操作','查询商品类别信息','2023-12-20 20:35:18',1),(906,'查询操作','查询商品类别信息','2023-12-20 20:35:18',1),(907,'查询操作','查询商品类别信息','2023-12-20 20:35:18',1),(908,'查询操作','查询商品类别信息','2023-12-20 20:35:18',1),(909,'查询操作','查询商品类别信息','2023-12-20 20:35:18',1),(910,'查询操作','查询商品类别信息','2023-12-20 20:35:18',1),(911,'查询操作','查询商品类别信息','2023-12-20 20:35:18',1),(912,'查询操作','查询商品类别信息','2023-12-20 20:35:18',1),(913,'查询操作','查询商品类别信息','2023-12-20 20:35:19',1),(914,'查询操作','查询商品类别信息','2023-12-20 20:35:19',1),(915,'查询操作','查询商品类别信息','2023-12-20 20:35:19',1),(916,'查询操作','查询商品类别信息','2023-12-20 20:35:19',1),(917,'查询操作','查询商品类别信息','2023-12-20 20:35:19',1),(918,'查询操作','查询商品类别信息','2023-12-20 20:35:19',1),(919,'查询操作','查询商品类别信息','2023-12-20 20:35:19',1),(920,'查询操作','查询商品类别信息','2023-12-20 20:35:20',1),(921,'查询操作','查询商品类别信息','2023-12-20 20:35:20',1),(922,'查询操作','查询商品类别信息','2023-12-20 20:35:20',1),(923,'查询操作','查询商品类别信息','2023-12-20 20:35:20',1),(924,'查询操作','查询商品类别信息','2023-12-20 20:35:20',1),(925,'查询操作','查询商品类别信息','2023-12-20 20:35:20',1),(926,'查询操作','查询商品类别信息','2023-12-20 20:35:20',1),(927,'查询操作','查询商品类别信息','2023-12-20 20:35:20',1),(928,'查询操作','查询商品类别信息','2023-12-20 20:35:20',1),(929,'查询操作','查询商品类别信息','2023-12-20 20:35:21',1),(930,'查询操作','查询商品类别信息','2023-12-20 20:35:21',1),(931,'查询操作','查询商品类别信息','2023-12-20 20:35:21',1),(932,'查询操作','查询商品类别信息','2023-12-20 20:35:21',1),(933,'查询操作','查询商品类别信息','2023-12-20 20:35:21',1),(934,'查询操作','查询商品类别信息','2023-12-20 20:35:21',1),(935,'查询操作','查询商品类别信息','2023-12-20 20:35:21',1),(936,'查询操作','查询商品类别信息','2023-12-20 20:35:22',1),(937,'查询操作','查询商品类别信息','2023-12-20 20:35:22',1),(938,'查询操作','查询商品类别信息','2023-12-20 20:35:22',1),(939,'查询操作','查询商品类别信息','2023-12-20 20:35:22',1),(940,'查询操作','查询商品类别信息','2023-12-20 20:35:22',1),(941,'查询操作','查询商品类别信息','2023-12-20 20:35:22',1),(942,'查询操作','查询商品类别信息','2023-12-20 20:35:22',1),(943,'查询操作','查询商品类别信息','2023-12-20 20:35:22',1),(944,'查询操作','查询商品类别信息','2023-12-20 20:35:23',1),(945,'查询操作','查询商品类别信息','2023-12-20 20:35:23',1),(946,'查询操作','查询商品类别信息','2023-12-20 20:35:23',1),(947,'查询操作','查询商品类别信息','2023-12-20 20:35:23',1),(948,'查询操作','查询商品类别信息','2023-12-20 20:35:23',1),(949,'查询操作','查询商品类别信息','2023-12-20 20:35:23',1),(950,'查询操作','查询商品类别信息','2023-12-20 20:35:23',1),(951,'查询操作','查询商品类别信息','2023-12-20 20:35:24',1),(952,'查询操作','查询商品类别信息','2023-12-20 20:35:24',1),(953,'查询操作','查询商品类别信息','2023-12-20 20:35:24',1),(954,'查询操作','查询商品类别信息','2023-12-20 20:35:24',1),(955,'查询操作','查询商品类别信息','2023-12-20 20:35:24',1),(956,'查询操作','查询商品类别信息','2023-12-20 20:35:24',1),(957,'查询操作','查询商品类别信息','2023-12-20 20:35:24',1),(958,'查询操作','查询商品类别信息','2023-12-20 20:35:24',1),(959,'查询操作','查询商品类别信息','2023-12-20 20:35:25',1),(960,'查询操作','查询商品类别信息','2023-12-20 20:35:25',1),(961,'查询操作','查询商品类别信息','2023-12-20 20:35:25',1),(962,'查询操作','查询商品类别信息','2023-12-20 20:35:25',1),(963,'查询操作','查询商品类别信息','2023-12-20 20:35:25',1),(964,'查询操作','查询商品类别信息','2023-12-20 20:35:25',1),(965,'查询操作','查询商品类别信息','2023-12-20 20:35:25',1),(966,'查询操作','查询商品类别信息','2023-12-20 20:35:26',1),(967,'查询操作','查询商品类别信息','2023-12-20 20:35:26',1),(968,'查询操作','查询商品类别信息','2023-12-20 20:35:26',1),(969,'查询操作','查询商品类别信息','2023-12-20 20:35:26',1),(970,'查询操作','查询商品类别信息','2023-12-20 20:35:26',1),(971,'查询操作','查询商品类别信息','2023-12-20 20:35:26',1),(972,'查询操作','查询商品类别信息','2023-12-20 20:35:26',1),(973,'查询操作','查询商品类别信息','2023-12-20 20:35:26',1),(974,'查询操作','查询商品类别信息','2023-12-20 20:35:27',1),(975,'查询操作','查询商品类别信息','2023-12-20 20:35:27',1),(976,'查询操作','查询商品类别信息','2023-12-20 20:35:27',1),(977,'查询操作','查询商品类别信息','2023-12-20 20:35:27',1),(978,'查询操作','查询商品类别信息','2023-12-20 20:35:27',1),(979,'查询操作','查询商品类别信息','2023-12-20 20:35:27',1),(980,'查询操作','查询商品类别信息','2023-12-20 20:35:27',1),(981,'查询操作','查询商品类别信息','2023-12-20 20:35:27',1),(982,'查询操作','查询商品类别信息','2023-12-20 20:35:27',1),(983,'查询操作','查询商品类别信息','2023-12-20 20:35:28',1),(984,'查询操作','查询商品类别信息','2023-12-20 20:35:28',1),(985,'查询操作','查询商品类别信息','2023-12-20 20:35:28',1),(986,'查询操作','查询商品类别信息','2023-12-20 20:35:28',1),(987,'查询操作','查询商品类别信息','2023-12-20 20:35:28',1),(988,'查询操作','查询商品类别信息','2023-12-20 20:35:28',1),(989,'查询操作','查询商品类别信息','2023-12-20 20:35:28',1),(990,'查询操作','查询商品类别信息','2023-12-20 20:35:28',1),(991,'查询操作','查询商品类别信息','2023-12-20 20:35:29',1),(992,'查询操作','查询商品类别信息','2023-12-20 20:35:29',1),(993,'查询操作','查询商品类别信息','2023-12-20 20:35:29',1),(994,'查询操作','查询商品类别信息','2023-12-20 20:35:29',1),(995,'查询操作','查询商品类别信息','2023-12-20 20:35:29',1),(996,'查询操作','查询商品类别信息','2023-12-20 20:35:29',1),(997,'查询操作','查询商品类别信息','2023-12-20 20:35:29',1),(998,'查询操作','查询商品类别信息','2023-12-20 20:35:29',1),(999,'查询操作','查询商品类别信息','2023-12-20 20:35:29',1),(1000,'查询操作','查询商品类别信息','2023-12-20 20:35:29',1),(1001,'查询操作','查询商品类别信息','2023-12-20 20:35:30',1),(1002,'查询操作','查询商品类别信息','2023-12-20 20:35:30',1),(1003,'查询操作','查询商品类别信息','2023-12-20 20:35:30',1),(1004,'查询操作','查询商品类别信息','2023-12-20 20:35:30',1),(1005,'查询操作','查询商品类别信息','2023-12-20 20:35:30',1),(1006,'查询操作','查询商品类别信息','2023-12-20 20:35:30',1),(1007,'查询操作','查询商品类别信息','2023-12-20 20:35:30',1),(1008,'查询操作','查询商品类别信息','2023-12-20 20:35:30',1),(1009,'查询操作','查询商品类别信息','2023-12-20 20:35:31',1),(1010,'查询操作','查询商品类别信息','2023-12-20 20:35:31',1),(1011,'查询操作','查询商品类别信息','2023-12-20 20:35:31',1),(1012,'查询操作','查询商品类别信息','2023-12-20 20:35:31',1),(1013,'查询操作','查询商品类别信息','2023-12-20 20:35:31',1),(1014,'查询操作','查询商品类别信息','2023-12-20 20:35:31',1),(1015,'查询操作','查询商品类别信息','2023-12-20 20:35:31',1),(1016,'查询操作','查询商品类别信息','2023-12-20 20:35:31',1),(1017,'查询操作','查询商品类别信息','2023-12-20 20:35:31',1),(1018,'查询操作','查询商品类别信息','2023-12-20 20:35:32',1),(1019,'查询操作','查询商品类别信息','2023-12-20 20:35:32',1),(1020,'查询操作','查询商品类别信息','2023-12-20 20:35:32',1),(1021,'查询操作','查询商品类别信息','2023-12-20 20:35:32',1),(1022,'查询操作','查询商品类别信息','2023-12-20 20:35:32',1),(1023,'查询操作','查询商品类别信息','2023-12-20 20:35:32',1),(1024,'查询操作','查询商品类别信息','2023-12-20 20:35:32',1),(1025,'查询操作','查询商品类别信息','2023-12-20 20:35:33',1),(1026,'查询操作','查询商品类别信息','2023-12-20 20:35:33',1),(1027,'查询操作','查询商品类别信息','2023-12-20 20:35:33',1),(1028,'查询操作','查询商品类别信息','2023-12-20 20:35:33',1),(1029,'查询操作','查询商品类别信息','2023-12-20 20:35:33',1),(1030,'查询操作','查询商品类别信息','2023-12-20 20:35:33',1),(1031,'查询操作','查询商品类别信息','2023-12-20 20:35:33',1),(1032,'查询操作','查询商品类别信息','2023-12-20 20:35:33',1),(1033,'查询操作','查询商品类别信息','2023-12-20 20:35:33',1),(1034,'查询操作','查询商品类别信息','2023-12-20 20:35:33',1),(1035,'查询操作','查询商品类别信息','2023-12-20 20:35:33',1),(1036,'查询操作','查询商品类别信息','2023-12-20 20:35:34',1),(1037,'查询操作','查询商品类别信息','2023-12-20 20:35:34',1),(1038,'查询操作','查询商品类别信息','2023-12-20 20:35:34',1),(1039,'查询操作','查询商品类别信息','2023-12-20 20:35:34',1),(1040,'查询操作','查询商品类别信息','2023-12-20 20:35:34',1),(1041,'查询操作','查询商品类别信息','2023-12-20 20:35:34',1),(1042,'查询操作','查询商品类别信息','2023-12-20 20:35:34',1),(1043,'查询操作','查询商品类别信息','2023-12-20 20:35:35',1),(1044,'查询操作','查询商品类别信息','2023-12-20 20:35:35',1),(1045,'查询操作','查询商品类别信息','2023-12-20 20:35:35',1),(1046,'查询操作','查询商品类别信息','2023-12-20 20:35:35',1),(1047,'查询操作','查询商品类别信息','2023-12-20 20:35:35',1),(1048,'查询操作','查询商品类别信息','2023-12-20 20:35:35',1),(1049,'查询操作','查询商品类别信息','2023-12-20 20:35:35',1),(1050,'查询操作','查询商品类别信息','2023-12-20 20:35:35',1),(1051,'查询操作','查询商品类别信息','2023-12-20 20:35:35',1),(1052,'查询操作','查询商品类别信息','2023-12-20 20:35:36',1),(1053,'查询操作','查询商品类别信息','2023-12-20 20:35:36',1),(1054,'查询操作','查询商品类别信息','2023-12-20 20:35:36',1),(1055,'查询操作','查询商品类别信息','2023-12-20 20:35:36',1),(1056,'查询操作','查询商品类别信息','2023-12-20 20:35:36',1),(1057,'查询操作','查询商品类别信息','2023-12-20 20:35:36',1),(1058,'查询操作','查询商品类别信息','2023-12-20 20:35:36',1),(1059,'查询操作','查询商品类别信息','2023-12-20 20:35:36',1),(1060,'查询操作','查询商品类别信息','2023-12-20 20:35:36',1),(1061,'查询操作','查询商品类别信息','2023-12-20 20:35:37',1),(1062,'查询操作','查询商品类别信息','2023-12-20 20:35:37',1),(1063,'查询操作','查询商品类别信息','2023-12-20 20:35:37',1),(1064,'查询操作','查询商品类别信息','2023-12-20 20:35:37',1),(1065,'查询操作','查询商品类别信息','2023-12-20 20:35:37',1),(1066,'查询操作','查询商品类别信息','2023-12-20 20:35:37',1),(1067,'查询操作','查询商品类别信息','2023-12-20 20:35:37',1),(1068,'查询操作','查询商品类别信息','2023-12-20 20:35:37',1),(1069,'查询操作','查询商品类别信息','2023-12-20 20:35:37',1),(1070,'查询操作','查询商品类别信息','2023-12-20 20:35:37',1),(1071,'查询操作','查询商品类别信息','2023-12-20 20:35:38',1),(1072,'查询操作','查询商品类别信息','2023-12-20 20:35:38',1),(1073,'查询操作','查询商品类别信息','2023-12-20 20:35:38',1),(1074,'查询操作','查询商品类别信息','2023-12-20 20:35:38',1),(1075,'查询操作','查询商品类别信息','2023-12-20 20:35:38',1),(1076,'查询操作','查询商品类别信息','2023-12-20 20:35:38',1),(1077,'查询操作','查询商品类别信息','2023-12-20 20:35:38',1),(1078,'查询操作','查询商品类别信息','2023-12-20 20:35:38',1),(1079,'查询操作','查询商品类别信息','2023-12-20 20:35:39',1),(1080,'查询操作','查询商品类别信息','2023-12-20 20:35:39',1),(1081,'查询操作','查询商品类别信息','2023-12-20 20:35:39',1),(1082,'查询操作','查询商品类别信息','2023-12-20 20:35:39',1),(1083,'查询操作','查询商品类别信息','2023-12-20 20:35:39',1),(1084,'查询操作','查询商品类别信息','2023-12-20 20:35:39',1),(1085,'查询操作','查询商品类别信息','2023-12-20 20:35:39',1),(1086,'查询操作','查询商品类别信息','2023-12-20 20:35:39',1),(1087,'查询操作','查询商品类别信息','2023-12-20 20:35:39',1),(1088,'查询操作','查询商品类别信息','2023-12-20 20:35:39',1),(1089,'查询操作','查询商品类别信息','2023-12-20 20:35:40',1),(1090,'查询操作','查询商品类别信息','2023-12-20 20:35:40',1),(1091,'查询操作','查询商品类别信息','2023-12-20 20:35:40',1),(1092,'查询操作','查询商品类别信息','2023-12-20 20:35:40',1),(1093,'查询操作','查询商品类别信息','2023-12-20 20:35:40',1),(1094,'查询操作','查询商品类别信息','2023-12-20 20:35:40',1),(1095,'查询操作','查询商品类别信息','2023-12-20 20:35:40',1),(1096,'查询操作','查询商品类别信息','2023-12-20 20:35:40',1),(1097,'查询操作','查询商品类别信息','2023-12-20 20:35:41',1),(1098,'查询操作','查询商品类别信息','2023-12-20 20:35:41',1),(1099,'查询操作','查询商品类别信息','2023-12-20 20:35:41',1),(1100,'查询操作','查询商品类别信息','2023-12-20 20:35:41',1),(1101,'查询操作','查询商品类别信息','2023-12-20 20:35:41',1),(1102,'查询操作','查询商品类别信息','2023-12-20 20:35:41',1),(1103,'查询操作','查询商品类别信息','2023-12-20 20:35:41',1),(1104,'查询操作','查询商品类别信息','2023-12-20 20:35:41',1),(1105,'查询操作','查询商品类别信息','2023-12-20 20:35:41',1),(1106,'查询操作','查询商品类别信息','2023-12-20 20:35:41',1),(1107,'查询操作','查询商品类别信息','2023-12-20 20:35:42',1),(1108,'查询操作','查询商品类别信息','2023-12-20 20:35:42',1),(1109,'查询操作','查询商品类别信息','2023-12-20 20:35:42',1),(1110,'查询操作','查询商品类别信息','2023-12-20 20:35:42',1),(1111,'查询操作','查询商品类别信息','2023-12-20 20:35:42',1),(1112,'查询操作','查询商品类别信息','2023-12-20 20:35:42',1),(1113,'查询操作','查询商品类别信息','2023-12-20 20:35:42',1),(1114,'查询操作','查询商品类别信息','2023-12-20 20:35:42',1),(1115,'查询操作','查询商品类别信息','2023-12-20 20:35:42',1),(1116,'查询操作','查询商品类别信息','2023-12-20 20:35:43',1),(1117,'查询操作','查询商品类别信息','2023-12-20 20:35:43',1),(1118,'查询操作','查询商品类别信息','2023-12-20 20:35:43',1),(1119,'查询操作','查询商品类别信息','2023-12-20 20:35:43',1),(1120,'查询操作','查询商品类别信息','2023-12-20 20:35:43',1),(1121,'查询操作','查询商品类别信息','2023-12-20 20:35:43',1),(1122,'查询操作','查询商品类别信息','2023-12-20 20:35:43',1),(1123,'查询操作','查询商品类别信息','2023-12-20 20:35:43',1),(1124,'查询操作','查询商品类别信息','2023-12-20 20:35:43',1),(1125,'查询操作','查询商品类别信息','2023-12-20 20:35:44',1),(1126,'查询操作','查询商品类别信息','2023-12-20 20:35:44',1),(1127,'查询操作','查询商品类别信息','2023-12-20 20:35:44',1),(1128,'查询操作','查询商品类别信息','2023-12-20 20:35:44',1),(1129,'查询操作','查询商品类别信息','2023-12-20 20:35:44',1),(1130,'查询操作','查询商品类别信息','2023-12-20 20:35:44',1),(1131,'查询操作','查询商品类别信息','2023-12-20 20:35:45',1),(1132,'查询操作','查询商品类别信息','2023-12-20 20:35:45',1),(1133,'查询操作','查询商品类别信息','2023-12-20 20:35:45',1),(1134,'查询操作','查询商品类别信息','2023-12-20 20:35:45',1),(1135,'查询操作','查询商品类别信息','2023-12-20 20:35:45',1),(1136,'查询操作','查询商品类别信息','2023-12-20 20:35:45',1),(1137,'查询操作','查询商品类别信息','2023-12-20 20:35:45',1),(1138,'查询操作','查询商品类别信息','2023-12-20 20:35:45',1),(1139,'查询操作','查询商品类别信息','2023-12-20 20:35:45',1),(1140,'查询操作','查询商品类别信息','2023-12-20 20:35:45',1),(1141,'查询操作','查询商品类别信息','2023-12-20 20:35:45',1),(1142,'查询操作','查询商品类别信息','2023-12-20 20:35:45',1),(1143,'查询操作','查询商品类别信息','2023-12-20 20:35:46',1),(1144,'查询操作','查询商品类别信息','2023-12-20 20:35:46',1),(1145,'查询操作','查询商品类别信息','2023-12-20 20:35:46',1),(1146,'查询操作','查询商品类别信息','2023-12-20 20:35:46',1),(1147,'查询操作','查询商品类别信息','2023-12-20 20:35:46',1),(1148,'查询操作','查询商品类别信息','2023-12-20 20:35:46',1),(1149,'查询操作','查询商品类别信息','2023-12-20 20:35:47',1),(1150,'查询操作','查询商品类别信息','2023-12-20 20:35:47',1),(1151,'查询操作','查询商品类别信息','2023-12-20 20:35:47',1),(1152,'查询操作','查询商品类别信息','2023-12-20 20:35:47',1),(1153,'查询操作','查询商品类别信息','2023-12-20 20:35:47',1),(1154,'查询操作','查询商品类别信息','2023-12-20 20:35:47',1),(1155,'查询操作','查询商品类别信息','2023-12-20 20:35:47',1),(1156,'查询操作','查询商品类别信息','2023-12-20 20:35:47',1),(1157,'查询操作','查询商品类别信息','2023-12-20 20:35:47',1),(1158,'查询操作','查询商品类别信息','2023-12-20 20:35:47',1),(1159,'查询操作','查询商品类别信息','2023-12-20 20:35:47',1),(1160,'查询操作','查询商品类别信息','2023-12-20 20:35:48',1),(1161,'查询操作','查询商品类别信息','2023-12-20 20:35:48',1),(1162,'查询操作','查询商品类别信息','2023-12-20 20:35:48',1),(1163,'查询操作','查询商品类别信息','2023-12-20 20:35:48',1),(1164,'查询操作','查询商品类别信息','2023-12-20 20:35:48',1),(1165,'查询操作','查询商品类别信息','2023-12-20 20:35:48',1),(1166,'查询操作','查询商品类别信息','2023-12-20 20:35:48',1),(1167,'查询操作','查询商品类别信息','2023-12-20 20:35:48',1),(1168,'查询操作','查询商品类别信息','2023-12-20 20:35:49',1),(1169,'查询操作','查询商品类别信息','2023-12-20 20:35:49',1),(1170,'查询操作','查询商品类别信息','2023-12-20 20:35:49',1),(1171,'查询操作','查询商品类别信息','2023-12-20 20:35:49',1),(1172,'查询操作','查询商品类别信息','2023-12-20 20:35:49',1),(1173,'查询操作','查询商品类别信息','2023-12-20 20:35:49',1),(1174,'查询操作','查询商品类别信息','2023-12-20 20:35:49',1),(1175,'查询操作','查询商品类别信息','2023-12-20 20:35:49',1),(1176,'查询操作','查询商品类别信息','2023-12-20 20:35:50',1),(1177,'查询操作','查询商品类别信息','2023-12-20 20:35:50',1),(1178,'查询操作','查询商品类别信息','2023-12-20 20:35:50',1),(1179,'查询操作','查询商品类别信息','2023-12-20 20:35:50',1),(1180,'查询操作','查询商品类别信息','2023-12-20 20:35:50',1),(1181,'查询操作','查询商品类别信息','2023-12-20 20:35:50',1),(1182,'查询操作','查询商品类别信息','2023-12-20 20:35:50',1),(1183,'查询操作','查询商品类别信息','2023-12-20 20:35:50',1),(1184,'查询操作','查询商品类别信息','2023-12-20 20:35:50',1),(1185,'查询操作','查询商品类别信息','2023-12-20 20:35:50',1),(1186,'查询操作','查询商品类别信息','2023-12-20 20:35:51',1),(1187,'查询操作','查询商品类别信息','2023-12-20 20:35:51',1),(1188,'查询操作','查询商品类别信息','2023-12-20 20:35:51',1),(1189,'查询操作','查询商品类别信息','2023-12-20 20:35:51',1),(1190,'查询操作','查询商品类别信息','2023-12-20 20:35:51',1),(1191,'查询操作','查询商品类别信息','2023-12-20 20:35:51',1),(1192,'查询操作','查询商品类别信息','2023-12-20 20:35:51',1),(1193,'查询操作','查询商品类别信息','2023-12-20 20:35:51',1),(1194,'查询操作','查询商品类别信息','2023-12-20 20:35:51',1),(1195,'查询操作','查询商品类别信息','2023-12-20 20:35:52',1),(1196,'查询操作','查询商品类别信息','2023-12-20 20:35:52',1),(1197,'查询操作','查询商品类别信息','2023-12-20 20:35:52',1),(1198,'查询操作','查询商品类别信息','2023-12-20 20:35:52',1),(1199,'查询操作','查询商品类别信息','2023-12-20 20:35:52',1),(1200,'查询操作','查询商品类别信息','2023-12-20 20:35:52',1),(1201,'查询操作','查询商品类别信息','2023-12-20 20:35:52',1),(1202,'查询操作','查询商品类别信息','2023-12-20 20:35:52',1),(1203,'查询操作','查询商品类别信息','2023-12-20 20:35:53',1),(1204,'查询操作','查询商品类别信息','2023-12-20 20:35:53',1),(1205,'查询操作','查询商品类别信息','2023-12-20 20:35:53',1),(1206,'查询操作','查询商品类别信息','2023-12-20 20:35:53',1),(1207,'查询操作','查询商品类别信息','2023-12-20 20:35:53',1),(1208,'查询操作','查询商品类别信息','2023-12-20 20:35:53',1),(1209,'查询操作','查询商品类别信息','2023-12-20 20:35:53',1),(1210,'查询操作','查询商品类别信息','2023-12-20 20:35:53',1),(1211,'查询操作','查询商品类别信息','2023-12-20 20:35:54',1),(1212,'查询操作','查询商品类别信息','2023-12-20 20:35:54',1),(1213,'查询操作','查询商品类别信息','2023-12-20 20:35:54',1),(1214,'查询操作','查询商品类别信息','2023-12-20 20:35:54',1),(1215,'查询操作','查询商品类别信息','2023-12-20 20:35:54',1),(1216,'查询操作','查询商品类别信息','2023-12-20 20:35:54',1),(1217,'查询操作','查询商品类别信息','2023-12-20 20:35:54',1),(1218,'查询操作','查询商品类别信息','2023-12-20 20:35:54',1),(1219,'查询操作','查询商品类别信息','2023-12-20 20:35:54',1),(1220,'查询操作','查询商品类别信息','2023-12-20 20:35:54',1),(1221,'查询操作','查询商品类别信息','2023-12-20 20:35:54',1),(1222,'查询操作','查询商品类别信息','2023-12-20 20:35:55',1),(1223,'查询操作','查询商品类别信息','2023-12-20 20:35:55',1),(1224,'查询操作','查询商品类别信息','2023-12-20 20:35:55',1),(1225,'查询操作','查询商品类别信息','2023-12-20 20:35:55',1),(1226,'查询操作','查询商品类别信息','2023-12-20 20:35:55',1),(1227,'查询操作','查询商品类别信息','2023-12-20 20:35:55',1),(1228,'查询操作','查询商品类别信息','2023-12-20 20:35:55',1),(1229,'查询操作','查询商品类别信息','2023-12-20 20:35:56',1),(1230,'查询操作','查询商品类别信息','2023-12-20 20:35:56',1),(1231,'查询操作','查询商品类别信息','2023-12-20 20:35:56',1),(1232,'查询操作','查询商品类别信息','2023-12-20 20:35:56',1),(1233,'查询操作','查询商品类别信息','2023-12-20 20:35:56',1),(1234,'查询操作','查询商品类别信息','2023-12-20 20:35:56',1),(1235,'查询操作','查询商品类别信息','2023-12-20 20:35:56',1),(1236,'查询操作','查询商品类别信息','2023-12-20 20:35:56',1),(1237,'查询操作','查询商品类别信息','2023-12-20 20:35:56',1),(1238,'查询操作','查询商品类别信息','2023-12-20 20:35:56',1),(1239,'查询操作','查询商品类别信息','2023-12-20 20:35:56',1),(1240,'查询操作','查询商品类别信息','2023-12-20 20:35:57',1),(1241,'查询操作','查询商品类别信息','2023-12-20 20:35:57',1),(1242,'查询操作','查询商品类别信息','2023-12-20 20:35:57',1),(1243,'查询操作','查询商品类别信息','2023-12-20 20:35:57',1),(1244,'查询操作','查询商品类别信息','2023-12-20 20:35:57',1),(1245,'查询操作','查询商品类别信息','2023-12-20 20:35:57',1),(1246,'查询操作','查询商品类别信息','2023-12-20 20:35:57',1),(1247,'查询操作','查询商品类别信息','2023-12-20 20:35:58',1),(1248,'查询操作','查询商品类别信息','2023-12-20 20:35:58',1),(1249,'查询操作','查询商品类别信息','2023-12-20 20:35:58',1),(1250,'查询操作','查询商品类别信息','2023-12-20 20:35:58',1),(1251,'查询操作','查询商品类别信息','2023-12-20 20:35:58',1),(1252,'查询操作','查询商品类别信息','2023-12-20 20:35:58',1),(1253,'查询操作','查询商品类别信息','2023-12-20 20:35:58',1),(1254,'查询操作','查询商品类别信息','2023-12-20 20:35:58',1),(1255,'查询操作','查询商品类别信息','2023-12-20 20:35:58',1),(1256,'查询操作','查询商品类别信息','2023-12-20 20:35:58',1),(1257,'查询操作','查询商品类别信息','2023-12-20 20:35:58',1),(1258,'查询操作','查询商品类别信息','2023-12-20 20:35:59',1),(1259,'查询操作','查询商品类别信息','2023-12-20 20:35:59',1),(1260,'查询操作','查询商品类别信息','2023-12-20 20:35:59',1),(1261,'查询操作','查询商品类别信息','2023-12-20 20:35:59',1),(1262,'查询操作','查询商品类别信息','2023-12-20 20:35:59',1),(1263,'查询操作','查询商品类别信息','2023-12-20 20:35:59',1),(1264,'查询操作','查询商品类别信息','2023-12-20 20:36:00',1),(1265,'查询操作','查询商品类别信息','2023-12-20 20:36:00',1),(1266,'查询操作','查询商品类别信息','2023-12-20 20:36:00',1),(1267,'查询操作','查询商品类别信息','2023-12-20 20:36:00',1),(1268,'查询操作','查询商品类别信息','2023-12-20 20:36:00',1),(1269,'查询操作','查询商品类别信息','2023-12-20 20:36:00',1),(1270,'查询操作','查询商品类别信息','2023-12-20 20:36:00',1),(1271,'查询操作','查询商品类别信息','2023-12-20 20:36:00',1),(1272,'查询操作','查询商品类别信息','2023-12-20 20:36:00',1),(1273,'查询操作','查询商品类别信息','2023-12-20 20:36:00',1),(1274,'查询操作','查询商品类别信息','2023-12-20 20:36:01',1),(1275,'查询操作','查询商品类别信息','2023-12-20 20:36:01',1),(1276,'查询操作','查询商品类别信息','2023-12-20 20:36:01',1),(1277,'查询操作','查询商品类别信息','2023-12-20 20:36:01',1),(1278,'查询操作','查询商品类别信息','2023-12-20 20:36:01',1),(1279,'查询操作','查询商品类别信息','2023-12-20 20:36:01',1),(1280,'查询操作','查询商品类别信息','2023-12-20 20:36:01',1),(1281,'查询操作','查询商品类别信息','2023-12-20 20:36:01',1),(1282,'查询操作','查询商品类别信息','2023-12-20 20:36:02',1),(1283,'查询操作','查询商品类别信息','2023-12-20 20:36:02',1),(1284,'查询操作','查询商品类别信息','2023-12-20 20:36:02',1),(1285,'查询操作','查询商品类别信息','2023-12-20 20:36:02',1),(1286,'查询操作','查询商品类别信息','2023-12-20 20:36:02',1),(1287,'查询操作','查询商品类别信息','2023-12-20 20:36:02',1),(1288,'查询操作','查询商品类别信息','2023-12-20 20:36:02',1),(1289,'查询操作','查询商品类别信息','2023-12-20 20:36:02',1),(1290,'查询操作','查询商品类别信息','2023-12-20 20:36:02',1),(1291,'查询操作','查询商品类别信息','2023-12-20 20:36:03',1),(1292,'查询操作','查询商品类别信息','2023-12-20 20:36:03',1),(1293,'查询操作','查询商品类别信息','2023-12-20 20:36:03',1),(1294,'查询操作','查询商品类别信息','2023-12-20 20:36:03',1),(1295,'查询操作','查询商品类别信息','2023-12-20 20:36:03',1),(1296,'查询操作','查询商品类别信息','2023-12-20 20:36:03',1),(1297,'查询操作','查询商品类别信息','2023-12-20 20:36:03',1),(1298,'查询操作','查询商品类别信息','2023-12-20 20:36:03',1),(1299,'查询操作','查询商品类别信息','2023-12-20 20:36:03',1),(1300,'查询操作','查询商品类别信息','2023-12-20 20:36:04',1),(1301,'查询操作','查询商品类别信息','2023-12-20 20:36:04',1),(1302,'查询操作','查询商品类别信息','2023-12-20 20:36:04',1),(1303,'查询操作','查询商品类别信息','2023-12-20 20:36:04',1),(1304,'查询操作','查询商品类别信息','2023-12-20 20:36:04',1),(1305,'查询操作','查询商品类别信息','2023-12-20 20:36:04',1),(1306,'查询操作','查询商品类别信息','2023-12-20 20:36:04',1),(1307,'查询操作','查询商品类别信息','2023-12-20 20:36:04',1),(1308,'查询操作','查询商品类别信息','2023-12-20 20:36:05',1),(1309,'查询操作','查询商品类别信息','2023-12-20 20:36:05',1),(1310,'查询操作','查询商品类别信息','2023-12-20 20:36:05',1),(1311,'查询操作','查询商品类别信息','2023-12-20 20:36:05',1),(1312,'查询操作','查询商品类别信息','2023-12-20 20:36:05',1),(1313,'查询操作','查询商品类别信息','2023-12-20 20:36:05',1),(1314,'查询操作','查询商品类别信息','2023-12-20 20:36:05',1),(1315,'查询操作','查询商品类别信息','2023-12-20 20:36:05',1),(1316,'查询操作','查询商品类别信息','2023-12-20 20:36:05',1),(1317,'查询操作','查询商品类别信息','2023-12-20 20:36:05',1),(1318,'查询操作','查询商品类别信息','2023-12-20 20:36:06',1),(1319,'查询操作','查询商品类别信息','2023-12-20 20:36:06',1),(1320,'查询操作','查询商品类别信息','2023-12-20 20:36:06',1),(1321,'查询操作','查询商品类别信息','2023-12-20 20:36:06',1),(1322,'查询操作','查询商品类别信息','2023-12-20 20:36:06',1),(1323,'查询操作','查询商品类别信息','2023-12-20 20:36:06',1),(1324,'查询操作','查询商品类别信息','2023-12-20 20:36:06',1),(1325,'查询操作','查询商品类别信息','2023-12-20 20:36:06',1),(1326,'查询操作','查询商品类别信息','2023-12-20 20:36:07',1),(1327,'查询操作','查询商品类别信息','2023-12-20 20:36:07',1),(1328,'查询操作','查询商品类别信息','2023-12-20 20:36:07',1),(1329,'查询操作','查询商品类别信息','2023-12-20 20:36:07',1),(1330,'查询操作','查询商品类别信息','2023-12-20 20:36:07',1),(1331,'查询操作','查询商品类别信息','2023-12-20 20:36:07',1),(1332,'查询操作','查询商品类别信息','2023-12-20 20:36:07',1),(1333,'查询操作','查询商品类别信息','2023-12-20 20:36:07',1),(1334,'查询操作','查询商品类别信息','2023-12-20 20:36:07',1),(1335,'查询操作','查询商品类别信息','2023-12-20 20:36:08',1),(1336,'查询操作','查询商品类别信息','2023-12-20 20:36:08',1),(1337,'查询操作','查询商品类别信息','2023-12-20 20:36:08',1),(1338,'查询操作','查询商品类别信息','2023-12-20 20:36:08',1),(1339,'查询操作','查询商品类别信息','2023-12-20 20:36:08',1),(1340,'查询操作','查询商品类别信息','2023-12-20 20:36:08',1),(1341,'查询操作','查询商品类别信息','2023-12-20 20:36:08',1),(1342,'查询操作','查询商品类别信息','2023-12-20 20:36:08',1),(1343,'查询操作','查询商品类别信息','2023-12-20 20:36:09',1),(1344,'查询操作','查询商品类别信息','2023-12-20 20:36:09',1),(1345,'查询操作','查询商品类别信息','2023-12-20 20:36:09',1),(1346,'查询操作','查询商品类别信息','2023-12-20 20:36:09',1),(1347,'查询操作','查询商品类别信息','2023-12-20 20:36:09',1),(1348,'查询操作','查询商品类别信息','2023-12-20 20:36:09',1),(1349,'查询操作','查询商品类别信息','2023-12-20 20:36:09',1),(1350,'查询操作','查询商品类别信息','2023-12-20 20:36:09',1),(1351,'查询操作','查询商品类别信息','2023-12-20 20:36:09',1),(1352,'查询操作','查询商品类别信息','2023-12-20 20:36:10',1),(1353,'查询操作','查询商品类别信息','2023-12-20 20:36:10',1),(1354,'查询操作','查询商品类别信息','2023-12-20 20:36:10',1),(1355,'查询操作','查询商品类别信息','2023-12-20 20:36:10',1),(1356,'查询操作','查询商品类别信息','2023-12-20 20:36:10',1),(1357,'查询操作','查询商品类别信息','2023-12-20 20:36:10',1),(1358,'查询操作','查询商品类别信息','2023-12-20 20:36:10',1),(1359,'查询操作','查询商品类别信息','2023-12-20 20:36:11',1),(1360,'查询操作','查询商品类别信息','2023-12-20 20:36:11',1),(1361,'查询操作','查询商品类别信息','2023-12-20 20:36:11',1),(1362,'查询操作','查询商品类别信息','2023-12-20 20:36:11',1),(1363,'查询操作','查询商品类别信息','2023-12-20 20:36:11',1),(1364,'查询操作','查询商品类别信息','2023-12-20 20:36:11',1),(1365,'查询操作','查询商品类别信息','2023-12-20 20:36:11',1),(1366,'查询操作','查询商品类别信息','2023-12-20 20:36:11',1),(1367,'查询操作','查询商品类别信息','2023-12-20 20:36:11',1),(1368,'查询操作','查询商品类别信息','2023-12-20 20:36:11',1),(1369,'查询操作','查询商品类别信息','2023-12-20 20:36:11',1),(1370,'查询操作','查询商品类别信息','2023-12-20 20:36:12',1),(1371,'查询操作','查询商品类别信息','2023-12-20 20:36:12',1),(1372,'查询操作','查询商品类别信息','2023-12-20 20:36:12',1),(1373,'查询操作','查询商品类别信息','2023-12-20 20:36:12',1),(1374,'查询操作','查询商品类别信息','2023-12-20 20:36:12',1),(1375,'查询操作','查询商品类别信息','2023-12-20 20:36:12',1),(1376,'查询操作','查询商品类别信息','2023-12-20 20:36:13',1),(1377,'查询操作','查询商品类别信息','2023-12-20 20:36:13',1),(1378,'查询操作','查询商品类别信息','2023-12-20 20:36:13',1),(1379,'查询操作','查询商品类别信息','2023-12-20 20:36:13',1),(1380,'查询操作','查询商品类别信息','2023-12-20 20:36:13',1),(1381,'查询操作','查询商品类别信息','2023-12-20 20:36:13',1),(1382,'查询操作','查询商品类别信息','2023-12-20 20:36:13',1),(1383,'查询操作','查询商品类别信息','2023-12-20 20:36:14',1),(1384,'查询操作','查询商品类别信息','2023-12-20 20:36:14',1),(1385,'查询操作','查询商品类别信息','2023-12-20 20:36:14',1),(1386,'查询操作','查询商品类别信息','2023-12-20 20:36:14',1),(1387,'查询操作','查询商品类别信息','2023-12-20 20:36:14',1),(1388,'查询操作','查询商品类别信息','2023-12-20 20:36:14',1),(1389,'查询操作','查询商品类别信息','2023-12-20 20:36:14',1),(1390,'查询操作','查询商品类别信息','2023-12-20 20:36:14',1),(1391,'查询操作','查询商品类别信息','2023-12-20 20:36:14',1),(1392,'查询操作','查询商品类别信息','2023-12-20 20:36:14',1),(1393,'查询操作','查询商品类别信息','2023-12-20 20:36:14',1),(1394,'查询操作','查询商品类别信息','2023-12-20 20:36:15',1),(1395,'查询操作','查询商品类别信息','2023-12-20 20:36:15',1),(1396,'查询操作','查询商品类别信息','2023-12-20 20:36:15',1),(1397,'查询操作','查询商品类别信息','2023-12-20 20:36:15',1),(1398,'查询操作','查询商品类别信息','2023-12-20 20:36:15',1),(1399,'查询操作','查询商品类别信息','2023-12-20 20:36:15',1),(1400,'查询操作','查询商品类别信息','2023-12-20 20:36:16',1),(1401,'查询操作','查询商品类别信息','2023-12-20 20:36:16',1),(1402,'查询操作','查询商品类别信息','2023-12-20 20:36:16',1),(1403,'查询操作','查询商品类别信息','2023-12-20 20:36:16',1),(1404,'查询操作','查询商品类别信息','2023-12-20 20:36:16',1),(1405,'查询操作','查询商品类别信息','2023-12-20 20:36:16',1),(1406,'查询操作','查询商品类别信息','2023-12-20 20:36:16',1),(1407,'查询操作','查询商品类别信息','2023-12-20 20:36:16',1),(1408,'查询操作','查询商品类别信息','2023-12-20 20:36:16',1),(1409,'查询操作','查询商品类别信息','2023-12-20 20:36:16',1),(1410,'查询操作','查询商品类别信息','2023-12-20 20:36:17',1),(1411,'查询操作','查询商品类别信息','2023-12-20 20:36:17',1),(1412,'查询操作','查询商品类别信息','2023-12-20 20:36:17',1),(1413,'查询操作','查询商品类别信息','2023-12-20 20:36:17',1),(1414,'查询操作','查询商品类别信息','2023-12-20 20:36:17',1),(1415,'查询操作','查询商品类别信息','2023-12-20 20:36:17',1),(1416,'查询操作','查询商品类别信息','2023-12-20 20:36:17',1),(1417,'查询操作','查询商品类别信息','2023-12-20 20:36:17',1),(1418,'查询操作','查询商品类别信息','2023-12-20 20:36:18',1),(1419,'查询操作','查询商品类别信息','2023-12-20 20:36:18',1),(1420,'查询操作','查询商品类别信息','2023-12-20 20:36:18',1),(1421,'查询操作','查询商品类别信息','2023-12-20 20:36:18',1),(1422,'查询操作','查询商品类别信息','2023-12-20 20:36:18',1),(1423,'查询操作','查询商品类别信息','2023-12-20 20:36:18',1),(1424,'查询操作','查询商品类别信息','2023-12-20 20:36:18',1),(1425,'查询操作','查询商品类别信息','2023-12-20 20:36:19',1),(1426,'查询操作','查询商品类别信息','2023-12-20 20:36:19',1),(1427,'查询操作','查询商品类别信息','2023-12-20 20:36:19',1),(1428,'查询操作','查询商品类别信息','2023-12-20 20:36:19',1),(1429,'查询操作','查询商品类别信息','2023-12-20 20:36:19',1),(1430,'查询操作','查询商品类别信息','2023-12-20 20:36:19',1),(1431,'查询操作','查询商品类别信息','2023-12-20 20:36:19',1),(1432,'查询操作','查询商品类别信息','2023-12-20 20:36:19',1),(1433,'查询操作','查询商品类别信息','2023-12-20 20:36:19',1),(1434,'查询操作','查询商品类别信息','2023-12-20 20:36:19',1),(1435,'查询操作','查询商品类别信息','2023-12-20 20:36:19',1),(1436,'查询操作','查询商品类别信息','2023-12-20 20:36:20',1),(1437,'查询操作','查询商品类别信息','2023-12-20 20:36:20',1),(1438,'查询操作','查询商品类别信息','2023-12-20 20:36:20',1),(1439,'查询操作','查询商品类别信息','2023-12-20 20:36:20',1),(1440,'查询操作','查询商品类别信息','2023-12-20 20:36:20',1),(1441,'查询操作','查询商品类别信息','2023-12-20 20:36:20',1),(1442,'查询操作','查询商品类别信息','2023-12-20 20:36:21',1),(1443,'查询操作','查询商品类别信息','2023-12-20 20:36:21',1),(1444,'查询操作','查询商品类别信息','2023-12-20 20:36:21',1),(1445,'查询操作','查询商品类别信息','2023-12-20 20:36:21',1),(1446,'查询操作','查询商品类别信息','2023-12-20 20:36:21',1),(1447,'查询操作','查询商品类别信息','2023-12-20 20:36:21',1),(1448,'查询操作','查询商品类别信息','2023-12-20 20:36:21',1),(1449,'查询操作','查询商品类别信息','2023-12-20 20:36:22',1),(1450,'查询操作','查询商品类别信息','2023-12-20 20:36:22',1),(1451,'查询操作','查询商品类别信息','2023-12-20 20:36:22',1),(1452,'查询操作','查询商品类别信息','2023-12-20 20:36:22',1),(1453,'查询操作','查询商品类别信息','2023-12-20 20:36:22',1),(1454,'查询操作','查询商品类别信息','2023-12-20 20:36:22',1),(1455,'查询操作','查询商品类别信息','2023-12-20 20:36:22',1),(1456,'查询操作','查询商品类别信息','2023-12-20 20:36:22',1),(1457,'查询操作','查询商品类别信息','2023-12-20 20:36:22',1),(1458,'查询操作','查询商品类别信息','2023-12-20 20:36:22',1),(1459,'查询操作','查询商品类别信息','2023-12-20 20:36:22',1),(1460,'查询操作','查询商品类别信息','2023-12-20 20:36:23',1),(1461,'查询操作','查询商品类别信息','2023-12-20 20:36:23',1),(1462,'查询操作','查询商品类别信息','2023-12-20 20:36:23',1),(1463,'查询操作','查询商品类别信息','2023-12-20 20:36:23',1),(1464,'查询操作','查询商品类别信息','2023-12-20 20:36:23',1),(1465,'查询操作','查询商品类别信息','2023-12-20 20:36:23',1),(1466,'查询操作','查询商品类别信息','2023-12-20 20:36:24',1),(1467,'查询操作','查询商品类别信息','2023-12-20 20:36:24',1),(1468,'查询操作','查询商品类别信息','2023-12-20 20:36:24',1),(1469,'查询操作','查询商品类别信息','2023-12-20 20:36:24',1),(1470,'查询操作','查询商品类别信息','2023-12-20 20:36:24',1),(1471,'查询操作','查询商品类别信息','2023-12-20 20:36:24',1),(1472,'查询操作','查询商品类别信息','2023-12-20 20:36:24',1),(1473,'查询操作','查询商品类别信息','2023-12-20 20:36:24',1),(1474,'查询操作','查询商品类别信息','2023-12-20 20:36:24',1),(1475,'查询操作','查询商品类别信息','2023-12-20 20:36:24',1),(1476,'查询操作','查询商品类别信息','2023-12-20 20:36:24',1),(1477,'查询操作','查询商品类别信息','2023-12-20 20:36:25',1),(1478,'查询操作','查询商品类别信息','2023-12-20 20:36:25',1),(1479,'查询操作','查询商品类别信息','2023-12-20 20:36:25',1),(1480,'查询操作','查询商品类别信息','2023-12-20 20:36:25',1),(1481,'查询操作','查询商品类别信息','2023-12-20 20:36:25',1),(1482,'查询操作','查询商品类别信息','2023-12-20 20:36:25',1),(1483,'查询操作','查询商品类别信息','2023-12-20 20:36:25',1),(1484,'查询操作','查询商品类别信息','2023-12-20 20:36:26',1),(1485,'查询操作','查询商品类别信息','2023-12-20 20:36:26',1),(1486,'查询操作','查询商品类别信息','2023-12-20 20:36:26',1),(1487,'查询操作','查询商品类别信息','2023-12-20 20:36:26',1),(1488,'查询操作','查询商品类别信息','2023-12-20 20:36:26',1),(1489,'查询操作','查询商品类别信息','2023-12-20 20:36:26',1),(1490,'查询操作','查询商品类别信息','2023-12-20 20:36:26',1),(1491,'查询操作','查询商品类别信息','2023-12-20 20:36:27',1),(1492,'查询操作','查询商品类别信息','2023-12-20 20:36:27',1),(1493,'查询操作','查询商品类别信息','2023-12-20 20:36:27',1),(1494,'查询操作','查询商品类别信息','2023-12-20 20:36:27',1),(1495,'查询操作','查询商品类别信息','2023-12-20 20:36:27',1),(1496,'查询操作','查询商品类别信息','2023-12-20 20:36:27',1),(1497,'查询操作','查询商品类别信息','2023-12-20 20:36:27',1),(1498,'查询操作','查询商品类别信息','2023-12-20 20:36:27',1),(1499,'查询操作','查询商品类别信息','2023-12-20 20:36:27',1),(1500,'查询操作','查询商品类别信息','2023-12-20 20:36:27',1),(1501,'查询操作','查询商品类别信息','2023-12-20 20:36:27',1),(1502,'查询操作','查询商品类别信息','2023-12-20 20:36:28',1),(1503,'查询操作','查询商品类别信息','2023-12-20 20:36:28',1),(1504,'查询操作','查询商品类别信息','2023-12-20 20:36:28',1),(1505,'查询操作','查询商品类别信息','2023-12-20 20:36:28',1),(1506,'查询操作','查询商品类别信息','2023-12-20 20:36:28',1),(1507,'查询操作','查询商品类别信息','2023-12-20 20:36:28',1),(1508,'查询操作','查询商品类别信息','2023-12-20 20:36:29',1),(1509,'查询操作','查询商品类别信息','2023-12-20 20:36:29',1),(1510,'查询操作','查询商品类别信息','2023-12-20 20:36:29',1),(1511,'查询操作','查询商品类别信息','2023-12-20 20:36:29',1),(1512,'查询操作','查询商品类别信息','2023-12-20 20:36:29',1),(1513,'查询操作','查询商品类别信息','2023-12-20 20:36:29',1),(1514,'查询操作','查询商品类别信息','2023-12-20 20:36:29',1),(1515,'查询操作','查询商品类别信息','2023-12-20 20:36:29',1),(1516,'查询操作','查询商品类别信息','2023-12-20 20:36:29',1),(1517,'查询操作','查询商品类别信息','2023-12-20 20:36:30',1),(1518,'查询操作','查询商品类别信息','2023-12-20 20:36:30',1),(1519,'查询操作','查询商品类别信息','2023-12-20 20:36:30',1),(1520,'查询操作','查询商品类别信息','2023-12-20 20:36:30',1),(1521,'查询操作','查询商品类别信息','2023-12-20 20:36:30',1),(1522,'查询操作','查询商品类别信息','2023-12-20 20:36:30',1),(1523,'查询操作','查询商品类别信息','2023-12-20 20:36:30',1),(1524,'查询操作','查询商品类别信息','2023-12-20 20:36:30',1),(1525,'查询操作','查询商品类别信息','2023-12-20 20:36:30',1),(1526,'查询操作','查询商品类别信息','2023-12-20 20:36:31',1),(1527,'查询操作','查询商品类别信息','2023-12-20 20:36:31',1),(1528,'查询操作','查询商品类别信息','2023-12-20 20:36:31',1),(1529,'查询操作','查询商品类别信息','2023-12-20 20:36:31',1),(1530,'查询操作','查询商品类别信息','2023-12-20 20:36:31',1),(1531,'查询操作','查询商品类别信息','2023-12-20 20:36:31',1),(1532,'查询操作','查询商品类别信息','2023-12-20 20:36:31',1),(1533,'查询操作','查询商品类别信息','2023-12-20 20:36:31',1),(1534,'查询操作','查询商品类别信息','2023-12-20 20:36:32',1),(1535,'查询操作','查询商品类别信息','2023-12-20 20:36:32',1),(1536,'查询操作','查询商品类别信息','2023-12-20 20:36:32',1),(1537,'查询操作','查询商品类别信息','2023-12-20 20:36:32',1),(1538,'查询操作','查询商品类别信息','2023-12-20 20:36:32',1),(1539,'查询操作','查询商品类别信息','2023-12-20 20:36:32',1),(1540,'查询操作','查询商品类别信息','2023-12-20 20:36:32',1),(1541,'查询操作','查询商品类别信息','2023-12-20 20:36:32',1),(1542,'查询操作','查询商品类别信息','2023-12-20 20:36:32',1),(1543,'查询操作','查询商品类别信息','2023-12-20 20:36:33',1),(1544,'查询操作','查询商品类别信息','2023-12-20 20:36:33',1),(1545,'查询操作','查询商品类别信息','2023-12-20 20:36:33',1),(1546,'查询操作','查询商品类别信息','2023-12-20 20:36:33',1),(1547,'查询操作','查询商品类别信息','2023-12-20 20:36:33',1),(1548,'查询操作','查询商品类别信息','2023-12-20 20:36:33',1),(1549,'查询操作','查询商品类别信息','2023-12-20 20:36:33',1),(1550,'查询操作','查询商品类别信息','2023-12-20 20:36:34',1),(1551,'查询操作','查询商品类别信息','2023-12-20 20:36:34',1),(1552,'查询操作','查询商品类别信息','2023-12-20 20:36:34',1),(1553,'查询操作','查询商品类别信息','2023-12-20 20:36:34',1),(1554,'查询操作','查询商品类别信息','2023-12-20 20:36:34',1),(1555,'查询操作','查询商品类别信息','2023-12-20 20:36:34',1),(1556,'查询操作','查询商品类别信息','2023-12-20 20:36:34',1),(1557,'查询操作','查询商品类别信息','2023-12-20 20:36:34',1),(1558,'查询操作','查询商品类别信息','2023-12-20 20:36:34',1),(1559,'查询操作','查询商品类别信息','2023-12-20 20:36:35',1),(1560,'查询操作','查询商品类别信息','2023-12-20 20:36:35',1),(1561,'查询操作','查询商品类别信息','2023-12-20 20:36:35',1),(1562,'查询操作','查询商品类别信息','2023-12-20 20:36:35',1),(1563,'查询操作','查询商品类别信息','2023-12-20 20:36:35',1),(1564,'查询操作','查询商品类别信息','2023-12-20 20:36:35',1),(1565,'查询操作','查询商品类别信息','2023-12-20 20:36:35',1),(1566,'查询操作','查询商品类别信息','2023-12-20 20:36:35',1),(1567,'查询操作','查询商品类别信息','2023-12-20 20:36:35',1),(1568,'查询操作','查询商品类别信息','2023-12-20 20:36:36',1),(1569,'查询操作','查询商品类别信息','2023-12-20 20:36:36',1),(1570,'查询操作','查询商品类别信息','2023-12-20 20:36:36',1),(1571,'查询操作','查询商品类别信息','2023-12-20 20:36:36',1),(1572,'查询操作','查询商品类别信息','2023-12-20 20:36:36',1),(1573,'查询操作','查询商品类别信息','2023-12-20 20:36:36',1),(1574,'查询操作','查询商品类别信息','2023-12-20 20:36:36',1),(1575,'查询操作','查询商品类别信息','2023-12-20 20:36:37',1),(1576,'查询操作','查询商品类别信息','2023-12-20 20:36:37',1),(1577,'查询操作','查询商品类别信息','2023-12-20 20:36:37',1),(1578,'查询操作','查询商品类别信息','2023-12-20 20:36:37',1),(1579,'查询操作','查询商品类别信息','2023-12-20 20:36:37',1),(1580,'查询操作','查询商品类别信息','2023-12-20 20:36:37',1),(1581,'查询操作','查询商品类别信息','2023-12-20 20:36:37',1),(1582,'查询操作','查询商品类别信息','2023-12-20 20:36:37',1),(1583,'查询操作','查询商品类别信息','2023-12-20 20:36:37',1),(1584,'查询操作','查询商品类别信息','2023-12-20 20:36:38',1),(1585,'查询操作','查询商品类别信息','2023-12-20 20:36:38',1),(1586,'查询操作','查询商品类别信息','2023-12-20 20:36:38',1),(1587,'查询操作','查询商品类别信息','2023-12-20 20:36:38',1),(1588,'查询操作','查询商品类别信息','2023-12-20 20:36:38',1),(1589,'查询操作','查询商品类别信息','2023-12-20 20:36:38',1),(1590,'查询操作','查询商品类别信息','2023-12-20 20:36:38',1),(1591,'查询操作','查询商品类别信息','2023-12-20 20:36:38',1),(1592,'查询操作','查询商品类别信息','2023-12-20 20:36:38',1),(1593,'查询操作','查询商品类别信息','2023-12-20 20:36:39',1),(1594,'查询操作','查询商品类别信息','2023-12-20 20:36:39',1),(1595,'查询操作','查询商品类别信息','2023-12-20 20:36:39',1),(1596,'查询操作','查询商品类别信息','2023-12-20 20:36:39',1),(1597,'查询操作','查询商品类别信息','2023-12-20 20:36:39',1),(1598,'查询操作','查询商品类别信息','2023-12-20 20:36:39',1),(1599,'查询操作','查询商品类别信息','2023-12-20 20:36:39',1),(1600,'查询操作','查询商品类别信息','2023-12-20 20:36:39',1),(1601,'查询操作','查询商品类别信息','2023-12-20 20:36:39',1),(1602,'查询操作','查询商品类别信息','2023-12-20 20:36:40',1),(1603,'查询操作','查询商品类别信息','2023-12-20 20:36:40',1),(1604,'查询操作','查询商品类别信息','2023-12-20 20:36:40',1),(1605,'查询操作','查询商品类别信息','2023-12-20 20:36:40',1),(1606,'查询操作','查询商品类别信息','2023-12-20 20:36:40',1),(1607,'查询操作','查询商品类别信息','2023-12-20 20:36:40',1),(1608,'查询操作','查询商品类别信息','2023-12-20 20:36:40',1),(1609,'查询操作','查询商品类别信息','2023-12-20 20:36:41',1),(1610,'查询操作','查询商品类别信息','2023-12-20 20:36:41',1),(1611,'查询操作','查询商品类别信息','2023-12-20 20:36:41',1),(1612,'查询操作','查询商品类别信息','2023-12-20 20:36:41',1),(1613,'查询操作','查询商品类别信息','2023-12-20 20:36:41',1),(1614,'查询操作','查询商品类别信息','2023-12-20 20:36:41',1),(1615,'查询操作','查询商品类别信息','2023-12-20 20:36:41',1),(1616,'查询操作','查询商品类别信息','2023-12-20 20:36:41',1),(1617,'查询操作','查询商品类别信息','2023-12-20 20:36:41',1),(1618,'查询操作','查询商品类别信息','2023-12-20 20:36:42',1),(1619,'查询操作','查询商品类别信息','2023-12-20 20:36:42',1),(1620,'查询操作','查询商品类别信息','2023-12-20 20:36:42',1),(1621,'查询操作','查询商品类别信息','2023-12-20 20:36:42',1),(1622,'查询操作','查询商品类别信息','2023-12-20 20:36:42',1),(1623,'查询操作','查询商品类别信息','2023-12-20 20:36:42',1),(1624,'查询操作','查询商品类别信息','2023-12-20 20:36:42',1),(1625,'查询操作','查询商品类别信息','2023-12-20 20:36:42',1),(1626,'查询操作','查询商品类别信息','2023-12-20 20:36:42',1),(1627,'查询操作','查询商品类别信息','2023-12-20 20:36:43',1),(1628,'查询操作','查询商品类别信息','2023-12-20 20:36:43',1),(1629,'查询操作','查询商品类别信息','2023-12-20 20:36:43',1),(1630,'查询操作','查询商品类别信息','2023-12-20 20:36:43',1),(1631,'查询操作','查询商品类别信息','2023-12-20 20:36:43',1),(1632,'查询操作','查询商品类别信息','2023-12-20 20:36:43',1),(1633,'查询操作','查询商品类别信息','2023-12-20 20:36:43',1),(1634,'查询操作','查询商品类别信息','2023-12-20 20:36:43',1),(1635,'查询操作','查询商品类别信息','2023-12-20 20:36:44',1),(1636,'查询操作','查询商品类别信息','2023-12-20 20:36:44',1),(1637,'查询操作','查询商品类别信息','2023-12-20 20:36:44',1),(1638,'查询操作','查询商品类别信息','2023-12-20 20:36:44',1),(1639,'查询操作','查询商品类别信息','2023-12-20 20:36:44',1),(1640,'查询操作','查询商品类别信息','2023-12-20 20:36:44',1),(1641,'查询操作','查询商品类别信息','2023-12-20 20:36:44',1),(1642,'查询操作','查询商品类别信息','2023-12-20 20:36:45',1),(1643,'查询操作','查询商品类别信息','2023-12-20 20:36:45',1),(1644,'查询操作','查询商品类别信息','2023-12-20 20:36:45',1),(1645,'查询操作','查询商品类别信息','2023-12-20 20:36:45',1),(1646,'查询操作','查询商品类别信息','2023-12-20 20:36:45',1),(1647,'查询操作','查询商品类别信息','2023-12-20 20:36:45',1),(1648,'查询操作','查询商品类别信息','2023-12-20 20:36:45',1),(1649,'查询操作','查询商品类别信息','2023-12-20 20:36:45',1),(1650,'查询操作','查询商品类别信息','2023-12-20 20:36:45',1),(1651,'查询操作','查询商品类别信息','2023-12-20 20:36:46',1),(1652,'查询操作','查询商品类别信息','2023-12-20 20:36:46',1),(1653,'查询操作','查询商品类别信息','2023-12-20 20:36:46',1),(1654,'查询操作','查询商品类别信息','2023-12-20 20:36:46',1),(1655,'查询操作','查询商品类别信息','2023-12-20 20:36:46',1),(1656,'查询操作','查询商品类别信息','2023-12-20 20:36:46',1),(1657,'查询操作','查询商品类别信息','2023-12-20 20:36:46',1),(1658,'查询操作','查询商品类别信息','2023-12-20 20:36:46',1),(1659,'查询操作','查询商品类别信息','2023-12-20 20:36:47',1),(1660,'查询操作','查询商品类别信息','2023-12-20 20:36:47',1),(1661,'查询操作','查询商品类别信息','2023-12-20 20:36:47',1),(1662,'查询操作','查询商品类别信息','2023-12-20 20:36:47',1),(1663,'查询操作','查询商品类别信息','2023-12-20 20:36:47',1),(1664,'查询操作','查询商品类别信息','2023-12-20 20:36:47',1),(1665,'查询操作','查询商品类别信息','2023-12-20 20:36:47',1),(1666,'查询操作','查询商品类别信息','2023-12-20 20:36:47',1),(1667,'查询操作','查询商品类别信息','2023-12-20 20:36:48',1),(1668,'查询操作','查询商品类别信息','2023-12-20 20:36:48',1),(1669,'查询操作','查询商品类别信息','2023-12-20 20:36:48',1),(1670,'查询操作','查询商品类别信息','2023-12-20 20:36:48',1),(1671,'查询操作','查询商品类别信息','2023-12-20 20:36:48',1),(1672,'查询操作','查询商品类别信息','2023-12-20 20:36:48',1),(1673,'查询操作','查询商品类别信息','2023-12-20 20:36:48',1),(1674,'查询操作','查询商品类别信息','2023-12-20 20:36:48',1),(1675,'查询操作','查询商品类别信息','2023-12-20 20:36:48',1),(1676,'查询操作','查询商品类别信息','2023-12-20 20:36:49',1),(1677,'查询操作','查询商品类别信息','2023-12-20 20:36:49',1),(1678,'查询操作','查询商品类别信息','2023-12-20 20:36:49',1),(1679,'查询操作','查询商品类别信息','2023-12-20 20:36:49',1),(1680,'查询操作','查询商品类别信息','2023-12-20 20:36:49',1),(1681,'查询操作','查询商品类别信息','2023-12-20 20:36:49',1),(1682,'查询操作','查询商品类别信息','2023-12-20 20:36:49',1),(1683,'查询操作','查询商品类别信息','2023-12-20 20:36:50',1),(1684,'查询操作','查询商品类别信息','2023-12-20 20:36:50',1),(1685,'查询操作','查询商品类别信息','2023-12-20 20:36:50',1),(1686,'查询操作','查询商品类别信息','2023-12-20 20:36:50',1),(1687,'查询操作','查询商品类别信息','2023-12-20 20:36:50',1),(1688,'查询操作','查询商品类别信息','2023-12-20 20:36:50',1),(1689,'查询操作','查询商品类别信息','2023-12-20 20:36:50',1),(1690,'查询操作','查询商品类别信息','2023-12-20 20:36:51',1),(1691,'查询操作','查询商品类别信息','2023-12-20 20:36:51',1),(1692,'查询操作','查询商品类别信息','2023-12-20 20:36:51',1),(1693,'查询操作','查询商品类别信息','2023-12-20 20:36:51',1),(1694,'查询操作','查询商品类别信息','2023-12-20 20:36:51',1),(1695,'查询操作','查询商品类别信息','2023-12-20 20:36:51',1),(1696,'查询操作','查询商品类别信息','2023-12-20 20:36:51',1),(1697,'查询操作','查询商品类别信息','2023-12-20 20:36:51',1),(1698,'查询操作','查询商品类别信息','2023-12-20 20:36:51',1),(1699,'查询操作','查询商品类别信息','2023-12-20 20:36:51',1),(1700,'登录操作','登录系统','2023-12-20 20:38:55',1),(1701,'查询操作','分页查询商品库存信息','2023-12-20 20:38:56',1),(1702,'查询操作','分页查询客户','2023-12-20 20:39:00',1),(1703,'查询操作','分页查询客户','2023-12-20 20:39:00',1),(1704,'查询操作','查询商品类别信息','2023-12-20 20:39:01',1),(1705,'查询操作','分页查询商品库存信息','2023-12-20 20:41:31',1),(1706,'查询操作','查询商品类别信息','2023-12-20 20:41:34',1);
/*!40000 ALTER TABLE `log` ENABLE KEYS */;
UNLOCK TABLES;

--
-- Table structure for table `menu`
--

DROP TABLE IF EXISTS `menu`;
/*!40101 SET @saved_cs_client     = @@character_set_client */;
/*!50503 SET character_set_client = utf8mb4 */;
CREATE TABLE `menu` (
  `menu_id` int NOT NULL AUTO_INCREMENT COMMENT '菜单id',
  `menu_icon` varchar(100) CHARACTER SET utf8 COLLATE utf8_general_ci DEFAULT NULL COMMENT '菜单图片',
  `menu_name` varchar(50) CHARACTER SET utf8 COLLATE utf8_general_ci DEFAULT NULL COMMENT '菜单名称',
  `p_id` int DEFAULT NULL COMMENT '父菜单id',
  `menu_state` int DEFAULT NULL COMMENT '菜单状态，1表示目录，0表示结点',
  `menu_url` varchar(200) CHARACTER SET utf8 COLLATE utf8_general_ci DEFAULT NULL COMMENT '菜单的链接地址',
  PRIMARY KEY (`menu_id`) USING BTREE
) ENGINE=InnoDB AUTO_INCREMENT=6051 DEFAULT CHARSET=utf8mb3 ROW_FORMAT=DYNAMIC;
/*!40101 SET character_set_client = @saved_cs_client */;

--
-- Dumping data for table `menu`
--

LOCK TABLES `menu` WRITE;
/*!40000 ALTER TABLE `menu` DISABLE KEYS */;
INSERT INTO `menu` VALUES (1,'menu-plugin','系统菜单',-1,1,NULL),(10,'menu-1','进货管理',1,1,NULL),(20,'menu-2','销售管理',1,1,NULL),(30,'menu-3','库存管理',1,1,NULL),(40,'menu-4','统计报表',1,1,NULL),(50,'menu-5','基础资料',1,1,NULL),(60,'menu-6','系统管理',1,1,NULL),(1010,'menu-11','进货入库',10,0,'/purchase/purchase.html'),(1020,'menu-12','退货出库',10,0,'/purchase/return.html'),(1030,'menu-13','进货单据查询',10,0,'/purchase/purchaseSearch.html'),(1040,'menu-14','退货单据查询',10,0,'/purchase/returnSearch.html'),(1050,'menu-15','当前库存查询',10,0,'/common/stockSearch.html'),(2010,'menu-21','销售出库',20,0,'/sale/saleout.html'),(2020,'menu-22','客户退货',20,0,'/sale/salereturn.html'),(2030,'menu-23','销售单据查询',20,0,'/sale/saleSearch.html'),(2040,'menu-24','客户退货查询',20,0,'/sale/returnSearch.html'),(2050,'menu-25','当前库存查询',20,0,'/common/stockSearch.html'),(3010,'menu-31','商品报损',30,0,'/stock/damage.html'),(3020,'menu-32','商品报溢',30,0,'/stock/overflow.html'),(3030,'menu-33','库存报警',30,0,'/stock/alarm.html'),(3040,'menu-34','报损报溢查询',30,0,'/stock/damageOverflowSearch.html'),(3050,'menu-35','当前库存查询',30,0,'/common/stockSearch.html'),(4010,'menu-41','供应商统计',40,0,'/count/supplier.html'),(4020,'menu-42','客户统计',40,0,'/count/customer.html'),(4030,'menu-43','商品采购统计',40,0,'/count/purchase.html'),(4040,'menu-44','商品销售统计',40,0,'/count/sale.html'),(4050,'menu-45','按日统计分析',40,0,'/count/saleDay.html'),(4060,'menu-46','按月统计分析',40,0,'/count/saleMonth.html'),(5010,'menu-51','供应商管理',50,0,'/basicData/supplier.html'),(5020,'menu-52','客户管理',50,0,'/basicData/customer.html'),(5030,'menu-53','商品管理',50,0,'/basicData/goods.html'),(5040,'menu-54','期初库存',50,0,'/basicData/stock.html'),(6010,'menu-61','角色管理',60,0,'/power/role.html'),(6020,'menu-62','用户管理',60,0,'/power/user.html'),(6030,'menu-65','系统日志',60,0,'/power/log.html'),(6040,'menu-63','修改密码',60,0,NULL),(6050,'menu-64','安全退出',60,0,NULL);
/*!40000 ALTER TABLE `menu` ENABLE KEYS */;
UNLOCK TABLES;

--
-- Table structure for table `overflow_list`
--

DROP TABLE IF EXISTS `overflow_list`;
/*!40101 SET @saved_cs_client     = @@character_set_client */;
/*!50503 SET character_set_client = utf8mb4 */;
CREATE TABLE `overflow_list` (
  `overflow_list_id` int NOT NULL AUTO_INCREMENT COMMENT '商品报溢单id，主键',
  `overflow_number` varchar(100) CHARACTER SET utf8 COLLATE utf8_general_ci DEFAULT NULL COMMENT '商品报溢单号',
  `overflow_date` varchar(20) CHARACTER SET utf8 COLLATE utf8_general_ci DEFAULT NULL COMMENT '报溢日期',
  `remarks` varchar(1000) CHARACTER SET utf8 COLLATE utf8_general_ci DEFAULT NULL COMMENT '备注',
  `user_id` int DEFAULT NULL COMMENT '用户id，外键',
  PRIMARY KEY (`overflow_list_id`) USING BTREE,
  KEY `FK3bu8hj2xniqwbrtg6ls6b8ej2` (`user_id`) USING BTREE,
  CONSTRAINT `overflow_list_ibfk_1` FOREIGN KEY (`user_id`) REFERENCES `user` (`user_id`) ON DELETE RESTRICT ON UPDATE RESTRICT
) ENGINE=InnoDB AUTO_INCREMENT=3 DEFAULT CHARSET=utf8mb3 ROW_FORMAT=DYNAMIC;
/*!40101 SET character_set_client = @saved_cs_client */;

--
-- Dumping data for table `overflow_list`
--

LOCK TABLES `overflow_list` WRITE;
/*!40000 ALTER TABLE `overflow_list` DISABLE KEYS */;
INSERT INTO `overflow_list` VALUES (1,'BY1550565907039','2023-12-10','',1),(2,'BY1565491207302','2023-12-10','',1);
/*!40000 ALTER TABLE `overflow_list` ENABLE KEYS */;
UNLOCK TABLES;

--
-- Table structure for table `overflow_list_goods`
--

DROP TABLE IF EXISTS `overflow_list_goods`;
/*!40101 SET @saved_cs_client     = @@character_set_client */;
/*!50503 SET character_set_client = utf8mb4 */;
CREATE TABLE `overflow_list_goods` (
  `overflow_list_goods_id` int NOT NULL AUTO_INCREMENT COMMENT '商品报溢单商品列表id，主键',
  `goods_id` int DEFAULT NULL COMMENT '商品编号id，外键',
  `goods_code` varchar(50) CHARACTER SET utf8 COLLATE utf8_general_ci DEFAULT NULL COMMENT '商品编码',
  `goods_name` varchar(50) CHARACTER SET utf8 COLLATE utf8_general_ci DEFAULT NULL COMMENT '商品名称',
  `goods_model` varchar(50) CHARACTER SET utf8 COLLATE utf8_general_ci DEFAULT NULL COMMENT '商品型号',
  `goods_unit` varchar(10) CHARACTER SET utf8 COLLATE utf8_general_ci DEFAULT NULL COMMENT '商品单位',
  `goods_num` int DEFAULT NULL COMMENT '报溢数量',
  `price` float NOT NULL COMMENT '商品单价',
  `total` float NOT NULL COMMENT '总金额',
  `overflow_list_id` int DEFAULT NULL COMMENT '商品报溢单id，外键',
  `goods_type_id` int DEFAULT NULL COMMENT '商品类别id，外键',
  PRIMARY KEY (`overflow_list_goods_id`) USING BTREE,
  KEY `FKd3s9761mgl456tn2xb0d164h7` (`overflow_list_id`) USING BTREE,
  KEY `FK20rudkne4kc8uftcenkrng1mn` (`goods_type_id`) USING BTREE,
  KEY `goods_id` (`goods_id`) USING BTREE,
  CONSTRAINT `overflow_list_goods_ibfk_1` FOREIGN KEY (`goods_id`) REFERENCES `goods` (`goods_id`) ON DELETE RESTRICT ON UPDATE RESTRICT,
  CONSTRAINT `overflow_list_goods_ibfk_2` FOREIGN KEY (`overflow_list_id`) REFERENCES `overflow_list` (`overflow_list_id`) ON DELETE RESTRICT ON UPDATE RESTRICT,
  CONSTRAINT `overflow_list_goods_ibfk_3` FOREIGN KEY (`goods_type_id`) REFERENCES `goods_type` (`goods_type_id`) ON DELETE RESTRICT ON UPDATE RESTRICT
) ENGINE=InnoDB AUTO_INCREMENT=3 DEFAULT CHARSET=utf8mb3 ROW_FORMAT=DYNAMIC;
/*!40101 SET character_set_client = @saved_cs_client */;

--
-- Dumping data for table `overflow_list_goods`
--

LOCK TABLES `overflow_list_goods` WRITE;
/*!40000 ALTER TABLE `overflow_list_goods` DISABLE KEYS */;
INSERT INTO `overflow_list_goods` VALUES (1,1,'0001','七色糙米','1000g装','袋',100,19.9,1990,1,2),(2,37,'0027','农夫山泉','2000ml','瓶',100,2,200,2,7);
/*!40000 ALTER TABLE `overflow_list_goods` ENABLE KEYS */;
UNLOCK TABLES;

--
-- Table structure for table `purchase_list`
--

DROP TABLE IF EXISTS `purchase_list`;
/*!40101 SET @saved_cs_client     = @@character_set_client */;
/*!50503 SET character_set_client = utf8mb4 */;
CREATE TABLE `purchase_list` (
  `purchase_list_id` int NOT NULL AUTO_INCREMENT COMMENT '进货单id，主键',
  `purchase_number` varchar(100) CHARACTER SET utf8 COLLATE utf8_general_ci DEFAULT NULL COMMENT '进货单号',
  `amount_paid` float NOT NULL COMMENT '实付金额',
  `amount_payable` float NOT NULL COMMENT '应付金额',
  `purchase_date` varchar(20) CHARACTER SET utf8 COLLATE utf8_general_ci DEFAULT NULL COMMENT '收货日期',
  `remarks` varchar(1000) CHARACTER SET utf8 COLLATE utf8_general_ci DEFAULT NULL COMMENT '备注',
  `state` int DEFAULT NULL COMMENT '状态',
  `supplier_id` int DEFAULT NULL COMMENT '供应商id，外键',
  `user_id` int DEFAULT NULL COMMENT '用户id，外键',
  PRIMARY KEY (`purchase_list_id`) USING BTREE,
  KEY `supplier_id` (`supplier_id`) USING BTREE,
  KEY `user_id` (`user_id`) USING BTREE,
  CONSTRAINT `purchase_list_ibfk_1` FOREIGN KEY (`supplier_id`) REFERENCES `supplier` (`supplier_id`) ON DELETE RESTRICT ON UPDATE RESTRICT,
  CONSTRAINT `purchase_list_ibfk_2` FOREIGN KEY (`user_id`) REFERENCES `user` (`user_id`) ON DELETE RESTRICT ON UPDATE RESTRICT
) ENGINE=InnoDB AUTO_INCREMENT=132 DEFAULT CHARSET=utf8mb3 ROW_FORMAT=DYNAMIC;
/*!40101 SET character_set_client = @saved_cs_client */;

--
-- Dumping data for table `purchase_list`
--

LOCK TABLES `purchase_list` WRITE;
/*!40000 ALTER TABLE `purchase_list` DISABLE KEYS */;
INSERT INTO `purchase_list` VALUES (124,'JH1550048597876',550,550,'2023-12-10','',1,1,1),(130,'JH1564882213808',400,400,'2023-12-10','',1,1,1);
/*!40000 ALTER TABLE `purchase_list` ENABLE KEYS */;
UNLOCK TABLES;

--
-- Table structure for table `purchase_list_goods`
--

DROP TABLE IF EXISTS `purchase_list_goods`;
/*!40101 SET @saved_cs_client     = @@character_set_client */;
/*!50503 SET character_set_client = utf8mb4 */;
CREATE TABLE `purchase_list_goods` (
  `purchase_list_goods_id` int NOT NULL AUTO_INCREMENT COMMENT '进货单商品列表id，主键',
  `goods_id` int DEFAULT NULL COMMENT '商品编号id，外键',
  `goods_code` varchar(50) CHARACTER SET utf8 COLLATE utf8_general_ci DEFAULT NULL COMMENT '商品编码',
  `goods_name` varchar(50) CHARACTER SET utf8 COLLATE utf8_general_ci DEFAULT NULL COMMENT '商品名称',
  `goods_model` varchar(50) CHARACTER SET utf8 COLLATE utf8_general_ci DEFAULT NULL COMMENT '商品型号',
  `goods_unit` varchar(10) CHARACTER SET utf8 COLLATE utf8_general_ci DEFAULT NULL COMMENT '商品单位',
  `goods_num` int NOT NULL COMMENT '进货数量',
  `price` float NOT NULL COMMENT '商品单价',
  `total` float NOT NULL COMMENT '总金额',
  `purchase_list_id` int DEFAULT NULL COMMENT '进货单id，外键',
  `goods_type_id` int DEFAULT NULL COMMENT '商品类别id，外键',
  PRIMARY KEY (`purchase_list_goods_id`) USING BTREE,
  KEY `goods_id` (`goods_id`) USING BTREE,
  KEY `purchase_list_id` (`purchase_list_id`) USING BTREE,
  KEY `goods_type_id` (`goods_type_id`) USING BTREE,
  CONSTRAINT `purchase_list_goods_ibfk_1` FOREIGN KEY (`goods_id`) REFERENCES `goods` (`goods_id`) ON DELETE RESTRICT ON UPDATE RESTRICT,
  CONSTRAINT `purchase_list_goods_ibfk_2` FOREIGN KEY (`purchase_list_id`) REFERENCES `purchase_list` (`purchase_list_id`) ON DELETE RESTRICT ON UPDATE RESTRICT,
  CONSTRAINT `purchase_list_goods_ibfk_3` FOREIGN KEY (`goods_type_id`) REFERENCES `goods_type` (`goods_type_id`) ON DELETE RESTRICT ON UPDATE RESTRICT
) ENGINE=InnoDB AUTO_INCREMENT=133 DEFAULT CHARSET=utf8mb3 ROW_FORMAT=DYNAMIC;
/*!40101 SET character_set_client = @saved_cs_client */;

--
-- Dumping data for table `purchase_list_goods`
--

LOCK TABLES `purchase_list_goods` WRITE;
/*!40000 ALTER TABLE `purchase_list_goods` DISABLE KEYS */;
INSERT INTO `purchase_list_goods` VALUES (126,33,'0024','RIO鸡尾酒','300ml','听',100,4.5,450,124,8),(127,34,'0025','坤太1+2辣椒面','2g装','袋',100,1,100,124,8),(130,35,'0026','绿箭口香糖','40粒','盒',100,2,200,130,7),(131,37,'0027','农夫山泉','2000ml','瓶',100,2,200,130,7);
/*!40000 ALTER TABLE `purchase_list_goods` ENABLE KEYS */;
UNLOCK TABLES;

--
-- Table structure for table `return_list`
--

DROP TABLE IF EXISTS `return_list`;
/*!40101 SET @saved_cs_client     = @@character_set_client */;
/*!50503 SET character_set_client = utf8mb4 */;
CREATE TABLE `return_list` (
  `return_list_id` int NOT NULL AUTO_INCREMENT COMMENT '这是系统和供应商之间的退货退货单id，主键',
  `return_number` varchar(100) CHARACTER SET utf8 COLLATE utf8_general_ci DEFAULT NULL COMMENT '退货单号',
  `return_date` varchar(20) CHARACTER SET utf8 COLLATE utf8_general_ci DEFAULT NULL COMMENT '退货日期',
  `amount_paid` float NOT NULL COMMENT '实退金额',
  `amount_payable` float NOT NULL COMMENT '应退金额',
  `remarks` varchar(1000) CHARACTER SET utf8 COLLATE utf8_general_ci DEFAULT NULL COMMENT '备注',
  `state` int DEFAULT NULL COMMENT '状态,1表示已退，2表示未退',
  `supplier_id` int DEFAULT NULL COMMENT '供应商id，外键',
  `user_id` int DEFAULT NULL COMMENT '用户id，外键',
  PRIMARY KEY (`return_list_id`) USING BTREE,
  KEY `FK4qxjj8bvj2etne243xluni0vn` (`supplier_id`) USING BTREE,
  KEY `FK904juw2v1hm2av0ig26gae9jb` (`user_id`) USING BTREE,
  CONSTRAINT `return_list_ibfk_1` FOREIGN KEY (`supplier_id`) REFERENCES `supplier` (`supplier_id`) ON DELETE RESTRICT ON UPDATE RESTRICT,
  CONSTRAINT `return_list_ibfk_2` FOREIGN KEY (`user_id`) REFERENCES `user` (`user_id`) ON DELETE RESTRICT ON UPDATE RESTRICT
) ENGINE=InnoDB AUTO_INCREMENT=3 DEFAULT CHARSET=utf8mb3 ROW_FORMAT=DYNAMIC;
/*!40101 SET character_set_client = @saved_cs_client */;

--
-- Dumping data for table `return_list`
--

LOCK TABLES `return_list` WRITE;
/*!40000 ALTER TABLE `return_list` DISABLE KEYS */;
INSERT INTO `return_list` VALUES (1,'TH1549940820089','2023-12-10',19.9,19.9,'',2,1,1);
/*!40000 ALTER TABLE `return_list` ENABLE KEYS */;
UNLOCK TABLES;

--
-- Table structure for table `return_list_goods`
--

DROP TABLE IF EXISTS `return_list_goods`;
/*!40101 SET @saved_cs_client     = @@character_set_client */;
/*!50503 SET character_set_client = utf8mb4 */;
CREATE TABLE `return_list_goods` (
  `return_list_goods_id` int NOT NULL AUTO_INCREMENT COMMENT '退货单商品列表id，主键',
  `goods_id` int DEFAULT NULL COMMENT '商品编号id，外键',
  `goods_code` varchar(50) CHARACTER SET utf8 COLLATE utf8_general_ci DEFAULT NULL COMMENT '商品编码',
  `goods_name` varchar(50) CHARACTER SET utf8 COLLATE utf8_general_ci DEFAULT NULL COMMENT '商品名称',
  `goods_model` varchar(50) CHARACTER SET utf8 COLLATE utf8_general_ci DEFAULT NULL COMMENT '商品型号',
  `goods_unit` varchar(10) CHARACTER SET utf8 COLLATE utf8_general_ci DEFAULT NULL COMMENT '商品单位',
  `goods_num` int DEFAULT NULL COMMENT '商品数量',
  `price` float NOT NULL COMMENT '商品单价',
  `total` float NOT NULL COMMENT '总金额',
  `return_list_id` int DEFAULT NULL COMMENT '退货单id，外键',
  `goods_type_id` int DEFAULT NULL COMMENT '商品类别id，外键',
  PRIMARY KEY (`return_list_goods_id`) USING BTREE,
  KEY `FKemclu281vyvyk063c3foafq1w` (`return_list_id`) USING BTREE,
  KEY `FKpxnqi9jfkw6wdm1uox2kkr0wk` (`goods_type_id`) USING BTREE,
  KEY `goods_id` (`goods_id`) USING BTREE,
  CONSTRAINT `return_list_goods_ibfk_1` FOREIGN KEY (`return_list_id`) REFERENCES `return_list` (`return_list_id`) ON DELETE RESTRICT ON UPDATE RESTRICT,
  CONSTRAINT `return_list_goods_ibfk_3` FOREIGN KEY (`goods_id`) REFERENCES `goods` (`goods_id`) ON DELETE RESTRICT ON UPDATE RESTRICT,
  CONSTRAINT `return_list_goods_ibfk_4` FOREIGN KEY (`goods_type_id`) REFERENCES `goods_type` (`goods_type_id`) ON DELETE RESTRICT ON UPDATE RESTRICT
) ENGINE=InnoDB AUTO_INCREMENT=3 DEFAULT CHARSET=utf8mb3 ROW_FORMAT=DYNAMIC;
/*!40101 SET character_set_client = @saved_cs_client */;

--
-- Dumping data for table `return_list_goods`
--

LOCK TABLES `return_list_goods` WRITE;
/*!40000 ALTER TABLE `return_list_goods` DISABLE KEYS */;
INSERT INTO `return_list_goods` VALUES (1,1,'0001','七色糙米','1000g装','袋',1,19.9,19.9,1,2);
/*!40000 ALTER TABLE `return_list_goods` ENABLE KEYS */;
UNLOCK TABLES;

--
-- Table structure for table `role`
--

DROP TABLE IF EXISTS `role`;
/*!40101 SET @saved_cs_client     = @@character_set_client */;
/*!50503 SET character_set_client = utf8mb4 */;
CREATE TABLE `role` (
  `role_id` int NOT NULL AUTO_INCREMENT COMMENT '角色id，主键',
  `role_name` varchar(50) CHARACTER SET utf8 COLLATE utf8_general_ci DEFAULT NULL COMMENT '角色名称',
  `remarks` varchar(1000) CHARACTER SET utf8 COLLATE utf8_general_ci DEFAULT NULL COMMENT '备注',
  PRIMARY KEY (`role_id`) USING BTREE
) ENGINE=InnoDB AUTO_INCREMENT=10 DEFAULT CHARSET=utf8mb3 ROW_FORMAT=DYNAMIC;
/*!40101 SET character_set_client = @saved_cs_client */;

--
-- Dumping data for table `role`
--

LOCK TABLES `role` WRITE;
/*!40000 ALTER TABLE `role` DISABLE KEYS */;
INSERT INTO `role` VALUES (1,'系统管理员','管理员'),(2,'主管','主管'),(4,'采购员','采购员'),(5,'销售经理','销售经理'),(7,'仓库管理员','仓库管理员'),(8,'测试员','测试员');
/*!40000 ALTER TABLE `role` ENABLE KEYS */;
UNLOCK TABLES;

--
-- Table structure for table `role_menu`
--

DROP TABLE IF EXISTS `role_menu`;
/*!40101 SET @saved_cs_client     = @@character_set_client */;
/*!50503 SET character_set_client = utf8mb4 */;
CREATE TABLE `role_menu` (
  `role_menu_id` int NOT NULL AUTO_INCREMENT COMMENT '角色-菜单id',
  `menu_id` int DEFAULT NULL COMMENT '菜单id',
  `role_id` int DEFAULT NULL COMMENT '角色id',
  PRIMARY KEY (`role_menu_id`) USING BTREE,
  KEY `FKhayg4ib6v7h1wyeyxhq6xlddq` (`menu_id`) USING BTREE,
  KEY `FKsonb0rbt2u99hbrqqvv3r0wse` (`role_id`) USING BTREE,
  CONSTRAINT `role_menu_ibfk_1` FOREIGN KEY (`menu_id`) REFERENCES `menu` (`menu_id`) ON DELETE RESTRICT ON UPDATE RESTRICT,
  CONSTRAINT `role_menu_ibfk_2` FOREIGN KEY (`role_id`) REFERENCES `role` (`role_id`) ON DELETE RESTRICT ON UPDATE RESTRICT
) ENGINE=InnoDB AUTO_INCREMENT=128 DEFAULT CHARSET=utf8mb3 ROW_FORMAT=DYNAMIC;
/*!40101 SET character_set_client = @saved_cs_client */;

--
-- Dumping data for table `role_menu`
--

LOCK TABLES `role_menu` WRITE;
/*!40000 ALTER TABLE `role_menu` DISABLE KEYS */;
INSERT INTO `role_menu` VALUES (2,1,1),(3,10,1),(4,20,1),(5,30,1),(6,40,1),(7,50,1),(8,60,1),(9,1010,1),(10,1020,1),(11,1030,1),(12,1040,1),(13,1050,1),(14,2010,1),(15,2020,1),(16,2030,1),(17,2040,1),(18,2050,1),(19,3010,1),(20,3020,1),(21,3030,1),(22,3040,1),(23,3050,1),(24,4010,1),(25,4020,1),(26,4030,1),(27,4040,1),(28,4050,1),(29,4060,1),(30,5010,1),(31,5020,1),(32,5030,1),(33,5040,1),(34,6010,1),(35,6020,1),(43,6030,1),(44,6040,1),(45,1,4),(46,20,4),(47,2010,4),(48,1,5),(49,30,5),(50,3010,5),(51,1,NULL),(52,10,NULL),(53,1010,NULL),(54,1020,NULL),(55,1030,NULL),(56,1040,NULL),(57,1050,NULL),(58,20,NULL),(59,2010,NULL),(60,2020,NULL),(61,2030,NULL),(62,2040,NULL),(63,2050,NULL),(64,6050,1),(65,1,7),(66,10,7),(67,1010,7),(68,1020,7),(69,1030,7),(70,1040,7),(71,1050,7),(72,20,7),(73,2010,7),(74,2020,7),(75,2030,7),(76,40,7),(77,4010,7),(78,4020,7),(79,1,NULL),(80,10,NULL),(81,1010,NULL),(82,1020,NULL),(83,1030,NULL),(84,1040,NULL),(85,1050,NULL),(99,1,8),(100,50,8),(101,5010,8),(102,5020,8),(103,5030,8),(104,5040,8),(117,1,2),(118,10,2),(119,1010,2),(120,1020,2),(121,1030,2),(122,1040,2),(123,1050,2),(124,60,2),(125,6030,2),(126,6040,2),(127,6050,2);
/*!40000 ALTER TABLE `role_menu` ENABLE KEYS */;
UNLOCK TABLES;

--
-- Table structure for table `sale_list`
--

DROP TABLE IF EXISTS `sale_list`;
/*!40101 SET @saved_cs_client     = @@character_set_client */;
/*!50503 SET character_set_client = utf8mb4 */;
CREATE TABLE `sale_list` (
  `sale_list_id` int NOT NULL AUTO_INCREMENT COMMENT '销售单id，主键',
  `sale_number` varchar(100) CHARACTER SET utf8 COLLATE utf8_general_ci DEFAULT NULL COMMENT '销售单号',
  `amount_paid` float NOT NULL COMMENT '实付金额',
  `amount_payable` float NOT NULL COMMENT '应付金额',
  `sale_date` varchar(20) CHARACTER SET utf8 COLLATE utf8_general_ci DEFAULT NULL COMMENT '销售单创建日期',
  `state` int DEFAULT NULL COMMENT '状态',
  `remarks` varchar(1000) CHARACTER SET utf8 COLLATE utf8_general_ci DEFAULT NULL COMMENT '备注',
  `customer_id` int DEFAULT NULL COMMENT '客户id，外键',
  `user_id` int DEFAULT NULL COMMENT '用户id，外键',
  PRIMARY KEY (`sale_list_id`) USING BTREE,
  KEY `FKox4qfs87eu3fvwdmrvelqhi8e` (`customer_id`) USING BTREE,
  KEY `FK34bnujemrdqimbhg133enp8k8` (`user_id`) USING BTREE,
  CONSTRAINT `sale_list_ibfk_1` FOREIGN KEY (`user_id`) REFERENCES `user` (`user_id`) ON DELETE RESTRICT ON UPDATE RESTRICT,
  CONSTRAINT `sale_list_ibfk_2` FOREIGN KEY (`customer_id`) REFERENCES `customer` (`customer_id`) ON DELETE RESTRICT ON UPDATE RESTRICT
) ENGINE=InnoDB AUTO_INCREMENT=6 DEFAULT CHARSET=utf8mb3 ROW_FORMAT=DYNAMIC;
/*!40101 SET character_set_client = @saved_cs_client */;

--
-- Dumping data for table `sale_list`
--

LOCK TABLES `sale_list` WRITE;
/*!40000 ALTER TABLE `sale_list` DISABLE KEYS */;
INSERT INTO `sale_list` VALUES (1,'XS1550133166343',19.9,19.9,'2023-12-10',1,'',1,1),(3,'XS1551175088245',380,380,'2023-12-10',1,'',1,1);
/*!40000 ALTER TABLE `sale_list` ENABLE KEYS */;
UNLOCK TABLES;

--
-- Table structure for table `sale_list_goods`
--

DROP TABLE IF EXISTS `sale_list_goods`;
/*!40101 SET @saved_cs_client     = @@character_set_client */;
/*!50503 SET character_set_client = utf8mb4 */;
CREATE TABLE `sale_list_goods` (
  `sale_list_goods_id` int NOT NULL AUTO_INCREMENT COMMENT '销售单商品列表id，主键',
  `goods_id` int DEFAULT NULL COMMENT '商品编号id，外键',
  `goods_code` varchar(50) CHARACTER SET utf8 COLLATE utf8_general_ci DEFAULT NULL COMMENT '商品编码',
  `goods_name` varchar(50) CHARACTER SET utf8 COLLATE utf8_general_ci DEFAULT NULL COMMENT '商品名称',
  `goods_model` varchar(50) CHARACTER SET utf8 COLLATE utf8_general_ci DEFAULT NULL COMMENT '商品型号',
  `goods_num` int DEFAULT NULL COMMENT '销售数量',
  `goods_unit` varchar(10) CHARACTER SET utf8 COLLATE utf8_general_ci DEFAULT NULL COMMENT '商品单位',
  `price` float NOT NULL COMMENT '商品单价',
  `total` float NOT NULL COMMENT '总金额',
  `sale_list_id` int DEFAULT NULL COMMENT '销售单id，外键',
  `goods_type_id` int DEFAULT NULL COMMENT '商品类别id，外键',
  PRIMARY KEY (`sale_list_goods_id`) USING BTREE,
  KEY `FK20ehd6ta9geyql4hxtdsnhbox` (`sale_list_id`) USING BTREE,
  KEY `FK39ej927qf0ldkykafj2nhyu3u` (`goods_type_id`) USING BTREE,
  KEY `goods_id` (`goods_id`) USING BTREE,
  CONSTRAINT `sale_list_goods_ibfk_1` FOREIGN KEY (`goods_id`) REFERENCES `goods` (`goods_id`) ON DELETE RESTRICT ON UPDATE RESTRICT,
  CONSTRAINT `sale_list_goods_ibfk_2` FOREIGN KEY (`sale_list_id`) REFERENCES `sale_list` (`sale_list_id`) ON DELETE RESTRICT ON UPDATE RESTRICT,
  CONSTRAINT `sale_list_goods_ibfk_3` FOREIGN KEY (`goods_type_id`) REFERENCES `goods_type` (`goods_type_id`) ON DELETE RESTRICT ON UPDATE RESTRICT
) ENGINE=InnoDB AUTO_INCREMENT=7 DEFAULT CHARSET=utf8mb3 ROW_FORMAT=DYNAMIC;
/*!40101 SET character_set_client = @saved_cs_client */;

--
-- Dumping data for table `sale_list_goods`
--

LOCK TABLES `sale_list_goods` WRITE;
/*!40000 ALTER TABLE `sale_list_goods` DISABLE KEYS */;
INSERT INTO `sale_list_goods` VALUES (1,1,'0001','七色糙米','1000g装',1,'袋',19.9,19.9,1,2),(3,11,'0002','鸡琵琶腿','1500g装',10,'袋',38,380,3,3);
/*!40000 ALTER TABLE `sale_list_goods` ENABLE KEYS */;
UNLOCK TABLES;

--
-- Table structure for table `supplier`
--

DROP TABLE IF EXISTS `supplier`;
/*!40101 SET @saved_cs_client     = @@character_set_client */;
/*!50503 SET character_set_client = utf8mb4 */;
CREATE TABLE `supplier` (
  `supplier_id` int NOT NULL AUTO_INCREMENT COMMENT '供应商id，主键',
  `supplier_name` varchar(100) CHARACTER SET utf8 COLLATE utf8_general_ci DEFAULT NULL COMMENT '供应商名称',
  `contacts` varchar(50) CHARACTER SET utf8 COLLATE utf8_general_ci DEFAULT NULL COMMENT '联系人',
  `phone_number` varchar(50) CHARACTER SET utf8 COLLATE utf8_general_ci DEFAULT NULL COMMENT '联系人电话',
  `address` varchar(200) CHARACTER SET utf8 COLLATE utf8_general_ci DEFAULT NULL COMMENT '供应商地址',
  `remarks` varchar(500) CHARACTER SET utf8 COLLATE utf8_general_ci DEFAULT NULL COMMENT '备注',
  PRIMARY KEY (`supplier_id`) USING BTREE
) ENGINE=InnoDB AUTO_INCREMENT=13 DEFAULT CHARSET=utf8mb3 ROW_FORMAT=DYNAMIC;
/*!40101 SET character_set_client = @saved_cs_client */;

--
-- Dumping data for table `supplier`
--

LOCK TABLES `supplier` WRITE;
/*!40000 ALTER TABLE `supplier` DISABLE KEYS */;
INSERT INTO `supplier` VALUES (1,'四川张三有限公司','张三','13666666666','四川成都','经销批发的大枣、山楂、枣夹核、枸杞、农副产品畅销消费者市场'),(2,'四川李四有限公司','李四','13888888888','四川成都','主营“鹃城牌”郫县豆瓣'),(3,'四川王五有限公司','王五','13555555555','四川成都','集餐饮川菜调料研发、生产、销售为一体的现代派企业'),(4,'四川赵六有限公司 ','赵六','13999999999','四川成都','专业从事宾馆、酒店和休闲食品研发、生产销售为一体的现代化民营企业'),(7,'四川李华有限公司','李华','13111111111','四川成都','中国调味品协会理事单位、农业产业化国家重点龙头企业'),(8,'四川王刚食品有限公司','王刚','13222222222','四川成都','集科研、生产、销售为一体的肉类食品加工民营企业'),(9,'四川高启强有限公司','高启强','13333333333','四川成都','所有产品均是通过正规通关渠道进口，海关、商检相关手续齐全'),(10,'四川高启盛电子商务有限公司','高启盛','13444444444','四川成都','专业进出口企业，专注于进口食品流通供应链业务，经营全球进口食品'),(11,'四川焦焦有限公司','焦焦','13777777777','四川成都','经营全球进口食品'),(12,'四川萝卜头有限公司','萝卜头','13000000000','四川成都','依托上海市场，聚焦在坚果炒货、炭烤海鲜、果脯蜜饯、果干脆片、特色糖果等五大核心领域');
/*!40000 ALTER TABLE `supplier` ENABLE KEYS */;
UNLOCK TABLES;

--
-- Table structure for table `unit`
--

DROP TABLE IF EXISTS `unit`;
/*!40101 SET @saved_cs_client     = @@character_set_client */;
/*!50503 SET character_set_client = utf8mb4 */;
CREATE TABLE `unit` (
  `unit_id` int NOT NULL AUTO_INCREMENT COMMENT '商品单位id，主键',
  `unit_name` varchar(10) CHARACTER SET utf8 COLLATE utf8_general_ci DEFAULT NULL COMMENT '商品单位名称',
  PRIMARY KEY (`unit_id`) USING BTREE
) ENGINE=InnoDB AUTO_INCREMENT=16 DEFAULT CHARSET=utf8mb3 ROW_FORMAT=DYNAMIC;
/*!40101 SET character_set_client = @saved_cs_client */;

--
-- Dumping data for table `unit`
--

LOCK TABLES `unit` WRITE;
/*!40000 ALTER TABLE `unit` DISABLE KEYS */;
INSERT INTO `unit` VALUES (1,'元'),(2,'户'),(3,'斤'),(4,'台'),(5,'瓶'),(6,'袋'),(7,'盒'),(8,'条'),(9,'吨'),(10,'个'),(11,'件');
/*!40000 ALTER TABLE `unit` ENABLE KEYS */;
UNLOCK TABLES;

--
-- Table structure for table `user`
--

DROP TABLE IF EXISTS `user`;
/*!40101 SET @saved_cs_client     = @@character_set_client */;
/*!50503 SET character_set_client = utf8mb4 */;
CREATE TABLE `user` (
  `user_id` int NOT NULL AUTO_INCREMENT COMMENT '用户id，主键',
  `user_name` varchar(50) CHARACTER SET utf8 COLLATE utf8_general_ci DEFAULT NULL COMMENT '用户名',
  `password` varchar(500) CHARACTER SET utf8 COLLATE utf8_general_ci DEFAULT NULL COMMENT '密码',
  `true_name` varchar(50) CHARACTER SET utf8 COLLATE utf8_general_ci DEFAULT NULL COMMENT '真实姓名',
  `roles` varchar(255) CHARACTER SET utf8 COLLATE utf8_general_ci DEFAULT NULL COMMENT '角色',
  `remarks` varchar(1000) CHARACTER SET utf8 COLLATE utf8_general_ci DEFAULT NULL COMMENT '备注',
  PRIMARY KEY (`user_id`) USING BTREE
) ENGINE=InnoDB AUTO_INCREMENT=13 DEFAULT CHARSET=utf8mb3 ROW_FORMAT=DYNAMIC;
/*!40101 SET character_set_client = @saved_cs_client */;

--
-- Dumping data for table `user`
--

LOCK TABLES `user` WRITE;
/*!40000 ALTER TABLE `user` DISABLE KEYS */;
INSERT INTO `user` VALUES (1,'admin','8d969eef6ecad3c29a3a629280e686cf0c3f5d5a86aff3ca12020c923adc6c92','admin',NULL,'管理员'),(3,'admin_1','8d969eef6ecad3c29a3a629280e686cf0c3f5d5a86aff3ca12020c923adc6c92','admin_1','仓库管理员,销售经理,采购员,主管','分支1'),(10,'admin_2','8d969eef6ecad3c29a3a629280e686cf0c3f5d5a86aff3ca12020c923adc6c92','admin_2','采购员,主管,销售经理','分支2'),(12,'123','8d969eef6ecad3c29a3a629280e686cf0c3f5d5a86aff3ca12020c923adc6c92','123',NULL,'');
/*!40000 ALTER TABLE `user` ENABLE KEYS */;
UNLOCK TABLES;

--
-- Table structure for table `user_role`
--

DROP TABLE IF EXISTS `user_role`;
/*!40101 SET @saved_cs_client     = @@character_set_client */;
/*!50503 SET character_set_client = utf8mb4 */;
CREATE TABLE `user_role` (
  `user_role_id` int NOT NULL AUTO_INCREMENT,
  `role_id` int DEFAULT NULL,
  `user_id` int DEFAULT NULL,
  PRIMARY KEY (`user_role_id`) USING BTREE,
  KEY `role_id` (`role_id`) USING BTREE,
  KEY `user_id` (`user_id`) USING BTREE,
  CONSTRAINT `user_role_ibfk_1` FOREIGN KEY (`role_id`) REFERENCES `role` (`role_id`) ON DELETE RESTRICT ON UPDATE RESTRICT,
  CONSTRAINT `user_role_ibfk_2` FOREIGN KEY (`user_id`) REFERENCES `user` (`user_id`) ON DELETE RESTRICT ON UPDATE RESTRICT
) ENGINE=InnoDB AUTO_INCREMENT=38 DEFAULT CHARSET=utf8mb3 ROW_FORMAT=DYNAMIC;
/*!40101 SET character_set_client = @saved_cs_client */;

--
-- Dumping data for table `user_role`
--

LOCK TABLES `user_role` WRITE;
/*!40000 ALTER TABLE `user_role` DISABLE KEYS */;
INSERT INTO `user_role` VALUES (1,1,1),(2,2,3),(3,4,3),(4,5,3),(5,7,3),(6,2,10),(7,4,10),(8,5,10);
/*!40000 ALTER TABLE `user_role` ENABLE KEYS */;
UNLOCK TABLES;

--
-- Dumping routines for database 'goods'
--
/*!40103 SET TIME_ZONE=@OLD_TIME_ZONE */;

/*!40101 SET SQL_MODE=@OLD_SQL_MODE */;
/*!40014 SET FOREIGN_KEY_CHECKS=@OLD_FOREIGN_KEY_CHECKS */;
/*!40014 SET UNIQUE_CHECKS=@OLD_UNIQUE_CHECKS */;
/*!40101 SET CHARACTER_SET_CLIENT=@OLD_CHARACTER_SET_CLIENT */;
/*!40101 SET CHARACTER_SET_RESULTS=@OLD_CHARACTER_SET_RESULTS */;
/*!40101 SET COLLATION_CONNECTION=@OLD_COLLATION_CONNECTION */;
/*!40111 SET SQL_NOTES=@OLD_SQL_NOTES */;

-- Dump completed on 2023-12-20 20:42:28
